parent_id,judul,tipe_dokumen,kelompok,kategori,sumber,tanggal,url_sumber,file_asal,file_upload,sha256,ukuran_byte,jumlah_baris_data,siap_upload
deskriptif__objek_wisata__jelajahi_sandung_ngabe_soekah_destinasi_wisata_budaya_yang_sarat_makna_di_kota_cantik_palangka_raya,"Jelajahi Sandung Ngabe Soekah, Destinasi Wisata Budaya yang Sarat Makna di Kota Cantik Palangka Raya",pdf,deskriptif,objek_wisata,post,2026-07-28,https://disparbudpora.palangkaraya.go.id/jelajahi-sandung-ngabe-soekah-destinasi-wisata-budaya-yang-sarat-makna-di-kota-cantik-palangka-raya/,deskriptif/objek_wisata/jelajahi_sandung_ngabe_soekah_destinasi_wisata_budaya_yang_sarat_makna_di_kota_cantik_palangka_raya.pdf,documents/deskriptif/objek_wisata/jelajahi_sandung_ngabe_soekah_destinasi_wisata_budaya_yang_sarat_makna_di_kota_cantik_palangka_raya.pdf,feefcc7ac6e81c603956f28ab411c9a3778693e5b32c9b5420514d947b6508dd,8821,,ya
deskriptif__budaya_dan_cagar_budaya__wisata_alam_yang_cocok_untuk_pecinta_petualangan_di_palangka_raya,Wisata Alam yang Cocok untuk Pecinta Petualangan di Palangka Raya,pdf,deskriptif,budaya_dan_cagar_budaya,post,2026-07-27,https://disparbudpora.palangkaraya.go.id/wisata-alam-yang-cocok-untuk-pecinta-petualangan-di-palangka-raya/,deskriptif/budaya_dan_cagar_budaya/wisata_alam_yang_cocok_untuk_pecinta_petualangan_di_palangka_raya.pdf,documents/deskriptif/budaya_dan_cagar_budaya/wisata_alam_yang_cocok_untuk_pecinta_petualangan_di_palangka_raya.pdf,8449f99ae1da4569b39718733b2c023dd9a0b6b74ea9fe16af713aea0695dbf9,5012,,ya
deskriptif__objek_wisata__2_tempat_piknik_keluarga_di_palangka_raya_yang_wajib_dikunjungi,2 Tempat Piknik Keluarga di Palangka Raya yang Wajib Dikunjungi,pdf,deskriptif,objek_wisata,post,2026-07-26,https://disparbudpora.palangkaraya.go.id/2-tempat-piknik-keluarga-di-palangka-raya-yang-wajib-dikunjungi/,deskriptif/objek_wisata/2_tempat_piknik_keluarga_di_palangka_raya_yang_wajib_dikunjungi.pdf,documents/deskriptif/objek_wisata/2_tempat_piknik_keluarga_di_palangka_raya_yang_wajib_dikunjungi.pdf,42548eacefec945b9987db07bff6795229c93c3eb450fdd21f1e5f7fd08941ed,7186,,ya
deskriptif__budaya_dan_cagar_budaya__disparbudpora_hadiri_festival_sastra_hski_perkuat_kolaborasi_pelestarian_budaya_daerah,"DISPARBUDPORA Hadiri Festival Sastra HSKI, Perkuat Kolaborasi Pelestarian Budaya Daerah",pdf,deskriptif,budaya_dan_cagar_budaya,post,2026-07-22,https://disparbudpora.palangkaraya.go.id/disparbudpora-hadiri-festival-sastra-hski-perkuat-kolaborasi-pelestarian-budaya-daerah/,deskriptif/budaya_dan_cagar_budaya/disparbudpora_hadiri_festival_sastra_hski_perkuat_kolaborasi_pelestarian_budaya_daerah.pdf,documents/deskriptif/budaya_dan_cagar_budaya/disparbudpora_hadiri_festival_sastra_hski_perkuat_kolaborasi_pelestarian_budaya_daerah.pdf,3f6d3d604bbfafb6a4cf2852ae0584372fca97713061de2fac6234f136b97a91,6542,,ya
deskriptif__objek_wisata__menjelajah_hutan_pendidikan_wisata_edukasi_yang_menenangkan_sekaligus_menginspirasi,Menjelajah Hutan Pendidikan: Wisata Edukasi yang Menenangkan Sekaligus Menginspirasi,pdf,deskriptif,objek_wisata,post,2026-07-21,https://disparbudpora.palangkaraya.go.id/menjelajah-hutan-pendidikan-wisata-edukasi-yang-menenangkan-sekaligus-menginspirasi/,deskriptif/objek_wisata/menjelajah_hutan_pendidikan_wisata_edukasi_yang_menenangkan_sekaligus_menginspirasi.pdf,documents/deskriptif/objek_wisata/menjelajah_hutan_pendidikan_wisata_edukasi_yang_menenangkan_sekaligus_menginspirasi.pdf,15fd94af22c9ec2cbaf34f02d6851d476362648b2af72a293a6528b5c64f5a82,5828,,ya
deskriptif__artikel_dan_berita__sebelum_traveling_wajib_tahu_5_etika_berwisata_yang_sering_diabaikan,"Sebelum Traveling, Wajib Tahu! 5 Etika Berwisata yang Sering Diabaikan",pdf,deskriptif,artikel_dan_berita,post,2026-07-17,https://disparbudpora.palangkaraya.go.id/sebelum-traveling-wajib-tahu-5-etika-berwisata-yang-sering-diabaikan/,deskriptif/artikel_dan_berita_pariwisata/sebelum_traveling_wajib_tahu_5_etika_berwisata_yang_sering_diabaikan.pdf,documents/deskriptif/artikel_dan_berita/sebelum_traveling_wajib_tahu_5_etika_berwisata_yang_sering_diabaikan.pdf,7a55275b1b81fc078afe3c863821b917fc64caf6c34f7d89e5ce7c04c6291624,5985,,ya
deskriptif__event_pariwisata__pesona_sabangau_fest_2026_meriahkan_hari_jadi_kota_palangka_raya_dengan_kolaborasi_seni_budaya_dan_pariwisata,"Pesona Sabangau Fest 2026 Meriahkan Hari Jadi Kota Palangka Raya dengan Kolaborasi Seni, Budaya, dan Pariwisata",pdf,deskriptif,event_pariwisata,post,2026-07-16,https://disparbudpora.palangkaraya.go.id/pesona-sabangau-fest-2026-meriahkan-hari-jadi-kota-palangka-raya-dengan-kolaborasi-seni-budaya-dan-pariwisata/,deskriptif/event_pariwisata/pesona_sabangau_fest_2026_meriahkan_hari_jadi_kota_palangka_raya_dengan_kolaborasi_seni_budaya_dan_pariwisata.pdf,documents/deskriptif/event_pariwisata/pesona_sabangau_fest_2026_meriahkan_hari_jadi_kota_palangka_raya_dengan_kolaborasi_seni_budaya_dan_pariwisata.pdf,f296d85580a72acf84884f479912b0dbe60a162184ec8772e7ef5fcc6973292b,7885,,ya
deskriptif__objek_wisata__mengenal_rusa_sambar_si_payau_yang_menjadi_kebanggaan_kalimantan_tengah,"Mengenal Rusa Sambar, Si Payau yang Menjadi Kebanggaan Kalimantan Tengah",pdf,deskriptif,objek_wisata,post,2026-07-15,https://disparbudpora.palangkaraya.go.id/mengenal-rusa-sambar-si-payau-yang-menjadi-kebanggaan-kalimantan-tengah/,deskriptif/objek_wisata/mengenal_rusa_sambar_si_payau_yang_menjadi_kebanggaan_kalimantan_tengah.pdf,documents/deskriptif/objek_wisata/mengenal_rusa_sambar_si_payau_yang_menjadi_kebanggaan_kalimantan_tengah.pdf,43589b7777feeeab0515baee4d405d374d9ad348c3db20ecaf1ad88ca13c4fba,6283,,ya
deskriptif__objek_wisata__menjelajahi_manasa_agrowisata_permata_hijau_baru_di_palangka_raya,Menjelajahi Manasa Agrowisata: Permata Hijau Baru di Palangka Raya,pdf,deskriptif,objek_wisata,post,2026-07-14,https://disparbudpora.palangkaraya.go.id/menjelajahi-manasa-agrowisata-permata-hijau-baru-di-palangka-raya/,deskriptif/objek_wisata/menjelajahi_manasa_agrowisata_permata_hijau_baru_di_palangka_raya.pdf,documents/deskriptif/objek_wisata/menjelajahi_manasa_agrowisata_permata_hijau_baru_di_palangka_raya.pdf,d30747505ee5a13a48ecfe01441d8fd45f466500ce6bad91d3927fc5cadabc8a,5524,,ya
deskriptif__event_pariwisata__calendar_of_event_2026_resmi_diluncurkan_palangka_raya_siap_hadirkan_event_unggulan_sepanjang_tahun,"Calendar of Event 2026 Resmi Diluncurkan, Palangka Raya Siap Hadirkan Event Unggulan Sepanjang Tahun",pdf,deskriptif,event_pariwisata,post,2026-07-13,https://disparbudpora.palangkaraya.go.id/calendar-of-event-2026-resmi-diluncurkan-palangka-raya-siap-hadirkan-event-unggulan-sepanjang-tahun/,deskriptif/event_pariwisata/calendar_of_event_2026_resmi_diluncurkan_palangka_raya_siap_hadirkan_event_unggulan_sepanjang_tahun.pdf,documents/deskriptif/event_pariwisata/calendar_of_event_2026_resmi_diluncurkan_palangka_raya_siap_hadirkan_event_unggulan_sepanjang_tahun.pdf,102467ba9bb853dea2d4f261f608b3154474544a81ba3e3e3bf5e90f02f4b79d,8450,,ya
deskriptif__objek_wisata__pesona_pura_sali_paseban_batu_harmoni_alam_budaya_dan_spiritualitas_dalam_satu_destinasi,"Pesona Pura Sali Paseban Batu, Harmoni Alam, Budaya, dan Spiritualitas dalam Satu Destinasi",pdf,deskriptif,objek_wisata,post,2026-07-12,https://disparbudpora.palangkaraya.go.id/pesona-pura-sali-paseban-batu-harmoni-alam-budaya-dan-spiritualitas-dalam-satu-destinasi/,deskriptif/objek_wisata/pesona_pura_sali_paseban_batu_harmoni_alam_budaya_dan_spiritualitas_dalam_satu_destinasi.pdf,documents/deskriptif/objek_wisata/pesona_pura_sali_paseban_batu_harmoni_alam_budaya_dan_spiritualitas_dalam_satu_destinasi.pdf,bcabb9cf21495da0229a0032f532fe47a042c3f4d456c9020c64aa5e6b3d0969,6896,,ya
deskriptif__artikel_dan_berita__melalui_gerakan_asri_disparbudpora_tingkatkan_kebersihan_dan_daya_tarik_wisata_air_hitam_kereng_bangkirai,"Melalui Gerakan ASRI, DISPARBUDPORA Tingkatkan Kebersihan dan Daya Tarik Wisata Air Hitam Kereng Bangkirai",pdf,deskriptif,artikel_dan_berita,post,2026-07-11,https://disparbudpora.palangkaraya.go.id/melalui-gerakan-asri-disparbudpora-tingkatkan-kebersihan-dan-daya-tarik-wisata-air-hitam-kereng-bangkirai/,deskriptif/artikel_dan_berita_pariwisata/melalui_gerakan_asri_disparbudpora_tingkatkan_kebersihan_dan_daya_tarik_wisata_air_hitam_kereng_bangkirai.pdf,documents/deskriptif/artikel_dan_berita/melalui_gerakan_asri_disparbudpora_tingkatkan_kebersihan_dan_daya_tarik_wisata_air_hitam_kereng_bangkirai.pdf,5c3c99795e2458ddea17475646083954c33648e0675a9a64bfd6621950e7b066,6395,,ya
deskriptif__budaya_dan_cagar_budaya__batang_haring_hingga_lawang_sakepeng_kebanggaan_palangka_raya_raih_status_wbtb_indonesia_2026,"Batang Haring hingga Lawang Sakepeng, Kebanggaan Palangka Raya Raih Status WBTb Indonesia 2026",pdf,deskriptif,budaya_dan_cagar_budaya,post,2026-07-07,https://disparbudpora.palangkaraya.go.id/batang-haring-hingga-lawang-sakepeng-kebanggaan-palangka-raya-raih-status-wbtb-indonesia-2026/,deskriptif/budaya_dan_cagar_budaya/batang_haring_hingga_lawang_sakepeng_kebanggaan_palangka_raya_raih_status_wbtb_indonesia_2026.pdf,documents/deskriptif/budaya_dan_cagar_budaya/batang_haring_hingga_lawang_sakepeng_kebanggaan_palangka_raya_raih_status_wbtb_indonesia_2026.pdf,3394233c8830faa38af1ef49958a7b8f66a26f17d8f3c1441ca131d05630808f,7308,,ya
deskriptif__objek_wisata__menengok_lapangan_golf_isen_mulang_oase_hijau_dan_pusat_olahraga_bersejarah_di_palangka_raya,Menengok Lapangan Golf Isen Mulang: Oase Hijau dan Pusat Olahraga Bersejarah di Palangka Raya,pdf,deskriptif,objek_wisata,post,2026-07-06,https://disparbudpora.palangkaraya.go.id/menengok-lapangan-golf-isen-mulang-oase-hijau-dan-pusat-olahraga-bersejarah-di-palangka-raya/,deskriptif/objek_wisata/menengok_lapangan_golf_isen_mulang_oase_hijau_dan_pusat_olahraga_bersejarah_di_palangka_raya.pdf,documents/deskriptif/objek_wisata/menengok_lapangan_golf_isen_mulang_oase_hijau_dan_pusat_olahraga_bersejarah_di_palangka_raya.pdf,507d4e1161fe8e786c1084b787edd0e37a7c37dfb6fb55412f4c2a724828a988,5802,,ya
deskriptif__artikel_dan_berita__bidang_pariwisata_disparbudpora_turut_sukseskan_gerakan_asri_di_koridor_jalan_tjilik_riwut,Bidang Pariwisata DISPARBUDPORA Turut Sukseskan Gerakan ASRI di Koridor Jalan Tjilik Riwut,pdf,deskriptif,artikel_dan_berita,post,2026-07-03,https://disparbudpora.palangkaraya.go.id/bidang-pariwisata-disparbudpora-turut-sukseskan-gerakan-asri-di-koridor-jalan-tjilik-riwut/,deskriptif/artikel_dan_berita_pariwisata/bidang_pariwisata_disparbudpora_turut_sukseskan_gerakan_asri_di_koridor_jalan_tjilik_riwut.pdf,documents/deskriptif/artikel_dan_berita/bidang_pariwisata_disparbudpora_turut_sukseskan_gerakan_asri_di_koridor_jalan_tjilik_riwut.pdf,dd3bdaece9c5cd49de21409cd2d3da54e6ce90e32d2917ee4ed9fee701d3e5a4,7599,,ya
deskriptif__artikel_dan_berita__5_wisata_favorit_untuk_libur_sekolah_di_palangka_raya_yang_seru_dan_edukatif_untuk_keluarga,5 Wisata Favorit untuk Libur Sekolah di Palangka Raya yang Seru dan Edukatif untuk Keluarga,pdf,deskriptif,artikel_dan_berita,post,2026-07-02,https://disparbudpora.palangkaraya.go.id/5-wisata-favorit-untuk-libur-sekolah-di-palangka-raya-yang-seru-dan-edukatif-untuk-keluarga/,deskriptif/artikel_dan_berita_pariwisata/5_wisata_favorit_untuk_libur_sekolah_di_palangka_raya_yang_seru_dan_edukatif_untuk_keluarga.pdf,documents/deskriptif/artikel_dan_berita/5_wisata_favorit_untuk_libur_sekolah_di_palangka_raya_yang_seru_dan_edukatif_untuk_keluarga.pdf,ee595a4481e243b8785e466814c134b5b69ea4d83794f01fa06dcb82150eec2a,7537,,ya
deskriptif__artikel_dan_berita__menjelajah_gambut_palangka_raya_seru_edukatif_dan_penuh_kejutan_alam,"Menjelajah Gambut Palangka Raya: Seru, Edukatif, dan Penuh Kejutan Alam",pdf,deskriptif,artikel_dan_berita,post,2026-06-29,https://disparbudpora.palangkaraya.go.id/menjelajah-gambut-palangka-raya-seru-edukatif-dan-penuh-kejutan-alam/,deskriptif/artikel_dan_berita_pariwisata/menjelajah_gambut_palangka_raya_seru_edukatif_dan_penuh_kejutan_alam.pdf,documents/deskriptif/artikel_dan_berita/menjelajah_gambut_palangka_raya_seru_edukatif_dan_penuh_kejutan_alam.pdf,c9c330c6222c43f2465636677f9f6645a73b594d72895f5b20074d47660709d9,5606,,ya
deskriptif__artikel_dan_berita__mau_liburan_ke_palangka_raya_simak_tips_hemat_agar_kantong_tetap_aman,Mau Liburan ke Palangka Raya? Simak Tips Hemat Agar Kantong Tetap Aman,pdf,deskriptif,artikel_dan_berita,post,2026-06-28,https://disparbudpora.palangkaraya.go.id/mau-liburan-ke-palangka-raya-simak-tips-hemat-agar-kantong-tetap-aman/,deskriptif/artikel_dan_berita_pariwisata/mau_liburan_ke_palangka_raya_simak_tips_hemat_agar_kantong_tetap_aman.pdf,documents/deskriptif/artikel_dan_berita/mau_liburan_ke_palangka_raya_simak_tips_hemat_agar_kantong_tetap_aman.pdf,69a574c102a224a5419ace3fbb1e7c3b25455e7c17cb2569f1a3bed93282f56b,7205,,ya
deskriptif__budaya_dan_cagar_budaya__disparbudpora_palangka_raya_bekali_pelajar_sman_2_informasi_cagar_budaya_untuk_lomba_video_kreatif_kementerian_kebudayaa,DISPARBUDPORA Palangka Raya Bekali Pelajar SMAN 2 Informasi Cagar Budaya untuk Lomba Video Kreatif Kementerian Kebudayaan,pdf,deskriptif,budaya_dan_cagar_budaya,post,2026-06-26,https://disparbudpora.palangkaraya.go.id/disparbudpora-palangka-raya-bekali-pelajar-sman-2-informasi-cagar-budaya-untuk-lomba-video-kreatif-kementerian-kebudayaan/,deskriptif/budaya_dan_cagar_budaya/disparbudpora_palangka_raya_bekali_pelajar_sman_2_informasi_cagar_budaya_untuk_lomba_video_kreatif_kementerian_kebudayaa.pdf,documents/deskriptif/budaya_dan_cagar_budaya/disparbudpora_palangka_raya_bekali_pelajar_sman_2_informasi_cagar_budaya_untuk_lomba_video_kreatif_kementerian_kebudayaa.pdf,ced6cc655e842fc2bd29030dd5b9819767dfce0a47130dea85736acf2d2780aa,6683,,ya
deskriptif__artikel_dan_berita__sinergi_pemko_dan_upa_plg_upr_kembangkan_sebangau_sebagai_pusat_ekowisata_pendidikan_gambut,Sinergi Pemko dan UPA PLG UPR Kembangkan Sebangau sebagai Pusat Ekowisata Pendidikan Gambut,pdf,deskriptif,artikel_dan_berita,post,2026-06-25,https://disparbudpora.palangkaraya.go.id/sinergi-pemko-dan-upa-plg-upr-kembangkan-sebangau-sebagai-pusat-ekowisata-pendidikan-gambut/,deskriptif/artikel_dan_berita_pariwisata/sinergi_pemko_dan_upa_plg_upr_kembangkan_sebangau_sebagai_pusat_ekowisata_pendidikan_gambut.pdf,documents/deskriptif/artikel_dan_berita/sinergi_pemko_dan_upa_plg_upr_kembangkan_sebangau_sebagai_pusat_ekowisata_pendidikan_gambut.pdf,b9afc2fb33882bb28d2af9fd9c684b47b5a979b64523835c5984934a11200dee,7914,,ya
deskriptif__artikel_dan_berita__tahukah_anda_inilah_spot_sunset_yang_membuat_wisatawan_jatuh_cinta_pada_palangka_raya,Tahukah Anda? Inilah Spot Sunset yang Membuat Wisatawan Jatuh Cinta pada Palangka Raya,pdf,deskriptif,artikel_dan_berita,post,2026-06-24,https://disparbudpora.palangkaraya.go.id/tahukah-anda-inilah-spot-sunset-yang-membuat-wisatawan-jatuh-cinta-pada-palangka-raya/,deskriptif/artikel_dan_berita_pariwisata/tahukah_anda_inilah_spot_sunset_yang_membuat_wisatawan_jatuh_cinta_pada_palangka_raya.pdf,documents/deskriptif/artikel_dan_berita/tahukah_anda_inilah_spot_sunset_yang_membuat_wisatawan_jatuh_cinta_pada_palangka_raya.pdf,4d9fd5743df79cce1b1613bac2c8cbcb0c5849d9ab19ec5c586b75daaa368a55,5023,,ya
deskriptif__budaya_dan_cagar_budaya__mengenal_lilis_lamiang_warisan_leluhur_dayak_yang_tetap_bertahan_di_era_modern,Mengenal Lilis Lamiang: Warisan Leluhur Dayak yang Tetap Bertahan di Era Modern,pdf,deskriptif,budaya_dan_cagar_budaya,post,2026-06-22,https://disparbudpora.palangkaraya.go.id/mengenal-lilis-lamiang-warisan-leluhur-dayak-yang-tetap-bertahan-di-era-modern/,deskriptif/budaya_dan_cagar_budaya/mengenal_lilis_lamiang_warisan_leluhur_dayak_yang_tetap_bertahan_di_era_modern.pdf,documents/deskriptif/budaya_dan_cagar_budaya/mengenal_lilis_lamiang_warisan_leluhur_dayak_yang_tetap_bertahan_di_era_modern.pdf,ce07fd205b75ed0c68181f0234edaf3ff0a0b422188001388843f1abea7810ec,7643,,ya
deskriptif__artikel_dan_berita__bangun_kota_yang_nyaman_dan_indah_bidang_pariwisata_disparbudpora_ikuti_gerakan_asri,"Bangun Kota yang Nyaman dan Indah, Bidang Pariwisata DISPARBUDPORA Ikuti Gerakan ASRI",pdf,deskriptif,artikel_dan_berita,post,2026-06-21,https://disparbudpora.palangkaraya.go.id/bangun-kota-yang-nyaman-dan-indah-bidang-pariwisata-disparbudpora-ikuti-gerakan-asri/,deskriptif/artikel_dan_berita_pariwisata/bangun_kota_yang_nyaman_dan_indah_bidang_pariwisata_disparbudpora_ikuti_gerakan_asri.pdf,documents/deskriptif/artikel_dan_berita/bangun_kota_yang_nyaman_dan_indah_bidang_pariwisata_disparbudpora_ikuti_gerakan_asri.pdf,2896c95a03ceac128026fd9bbd291538d9e01d735e6b45dbd119d4a2592d5be0,6212,,ya
deskriptif__budaya_dan_cagar_budaya__menyelami_filosofi_batang_garing_ikon_budaya_yang_menjadi_jiwa_kalimantan_tengah,"Menyelami Filosofi Batang Garing, Ikon Budaya yang Menjadi Jiwa Kalimantan Tengah",pdf,deskriptif,budaya_dan_cagar_budaya,post,2026-06-15,https://disparbudpora.palangkaraya.go.id/menyelami-filosofi-batang-garing-ikon-budaya-yang-menjadi-jiwa-kalimantan-tengah/,deskriptif/budaya_dan_cagar_budaya/menyelami_filosofi_batang_garing_ikon_budaya_yang_menjadi_jiwa_kalimantan_tengah.pdf,documents/deskriptif/budaya_dan_cagar_budaya/menyelami_filosofi_batang_garing_ikon_budaya_yang_menjadi_jiwa_kalimantan_tengah.pdf,4314efad8ca74b2716d8a254d9b2b85b4dc22220608706ab171ae696d6e0069f,7270,,ya
deskriptif__budaya_dan_cagar_budaya__menjaga_warisan_leluhur_lawang_sakepeng_dayak_palangka_raya_jalani_verifikasi_wbtbi,Menjaga Warisan Leluhur: Lawang Sakepeng Dayak Palangka Raya Jalani Verifikasi WBTbI,pdf,deskriptif,budaya_dan_cagar_budaya,post,2026-06-13,https://disparbudpora.palangkaraya.go.id/menjaga-warisan-leluhur-lawang-sakepeng-dayak-palangka-raya-jalani-verifikasi-wbtbi/,deskriptif/budaya_dan_cagar_budaya/menjaga_warisan_leluhur_lawang_sakepeng_dayak_palangka_raya_jalani_verifikasi_wbtbi.pdf,documents/deskriptif/budaya_dan_cagar_budaya/menjaga_warisan_leluhur_lawang_sakepeng_dayak_palangka_raya_jalani_verifikasi_wbtbi.pdf,5934a835dda078df07219ab5bb40e0a725d4694db79cf35309356106b2180094,5631,,ya
deskriptif__artikel_dan_berita__perkuat_wisata_berbasis_konservasi_disparbudpora_hadiri_sosialisasi_fasilitas_gambut_sebangau,"Perkuat Wisata Berbasis Konservasi, DISPARBUDPORA Hadiri Sosialisasi Fasilitas Gambut Sebangau",pdf,deskriptif,artikel_dan_berita,post,2026-06-12,https://disparbudpora.palangkaraya.go.id/perkuat-wisata-berbasis-konservasi-disparbudpora-hadiri-sosialisasi-fasilitas-gambut-sebangau/,deskriptif/artikel_dan_berita_pariwisata/perkuat_wisata_berbasis_konservasi_disparbudpora_hadiri_sosialisasi_fasilitas_gambut_sebangau.pdf,documents/deskriptif/artikel_dan_berita/perkuat_wisata_berbasis_konservasi_disparbudpora_hadiri_sosialisasi_fasilitas_gambut_sebangau.pdf,d5cfb43cd32a8ee931c71adccef960c593f09477edc5e54f8c1a1cf66d967b1e,5590,,ya
deskriptif__budaya_dan_cagar_budaya__menjaga_identitas_dayak_verifikasi_wbtbi_kinyah_mandau_digelar_di_palangka_raya,Menjaga Identitas Dayak: Verifikasi WBTbI Kinyah Mandau Digelar di Palangka Raya,pdf,deskriptif,budaya_dan_cagar_budaya,post,2026-06-11,https://disparbudpora.palangkaraya.go.id/menjaga-identitas-dayak-verifikasi-wbtbi-kinyah-mandau-digelar-di-palangka-raya/,deskriptif/budaya_dan_cagar_budaya/menjaga_identitas_dayak_verifikasi_wbtbi_kinyah_mandau_digelar_di_palangka_raya.pdf,documents/deskriptif/budaya_dan_cagar_budaya/menjaga_identitas_dayak_verifikasi_wbtbi_kinyah_mandau_digelar_di_palangka_raya.pdf,2b629ed0a413ef040e2c725f0737ff58fee3ff7f8b866a4c6dda84ba3c5c321a,5817,,ya
deskriptif__budaya_dan_cagar_budaya__simbol_kehidupan_dan_pusaka_sakral_dayak_batang_haring_dan_lilis_lamiang_diuji_sebagai_wbtb_indonesia,"Simbol Kehidupan dan Pusaka Sakral Dayak, Batang Haring dan Lilis Lamiang Diuji sebagai WBTb Indonesia",pdf,deskriptif,budaya_dan_cagar_budaya,post,2026-06-10,https://disparbudpora.palangkaraya.go.id/simbol-kehidupan-dan-pusaka-sakral-dayak-batang-haring-dan-lilis-lamiang-diuji-sebagai-wbtb-indonesia/,deskriptif/budaya_dan_cagar_budaya/simbol_kehidupan_dan_pusaka_sakral_dayak_batang_haring_dan_lilis_lamiang_diuji_sebagai_wbtb_indonesia.pdf,documents/deskriptif/budaya_dan_cagar_budaya/simbol_kehidupan_dan_pusaka_sakral_dayak_batang_haring_dan_lilis_lamiang_diuji_sebagai_wbtb_indonesia.pdf,c6f906e805b5bde731863ee5bac8323ae8866c660bd4b8129625d9b3a18e9b17,6401,,ya
deskriptif__budaya_dan_cagar_budaya__menelusuri_huma_tugu_tuah_warisan_budaya_yang_menyimpan_sejarah_palangka_raya,Menelusuri Huma Tugu Tuah: Warisan Budaya yang Menyimpan Sejarah Palangka Raya,pdf,deskriptif,budaya_dan_cagar_budaya,post,2026-06-09,https://disparbudpora.palangkaraya.go.id/menelusuri-huma-tugu-tuah-warisan-budaya-yang-menyimpan-sejarah-palangka-raya/,deskriptif/budaya_dan_cagar_budaya/menelusuri_huma_tugu_tuah_warisan_budaya_yang_menyimpan_sejarah_palangka_raya.pdf,documents/deskriptif/budaya_dan_cagar_budaya/menelusuri_huma_tugu_tuah_warisan_budaya_yang_menyimpan_sejarah_palangka_raya.pdf,4493ce80e91267960628b57a67220f45385346bc1eec115cc7a6652988f28f76,7748,,ya
deskriptif__artikel_dan_berita__kota_cantik_yang_autentik_menemukan_sisi_lain_indonesia_di_jantung_borneo,Kota Cantik yang Autentik: Menemukan Sisi Lain Indonesia di Jantung Borneo,pdf,deskriptif,artikel_dan_berita,post,2026-06-07,https://disparbudpora.palangkaraya.go.id/kota-cantik-yang-autentik-menemukan-sisi-lain-indonesia-di-jantung-borneo/,deskriptif/artikel_dan_berita_pariwisata/kota_cantik_yang_autentik_menemukan_sisi_lain_indonesia_di_jantung_borneo.pdf,documents/deskriptif/artikel_dan_berita/kota_cantik_yang_autentik_menemukan_sisi_lain_indonesia_di_jantung_borneo.pdf,2eafc6c1d922e77c5ba9fd87a3eaf03cda8af8cea7b68e39691a9f713129eb6e,7613,,ya
deskriptif__artikel_dan_berita__hidden_gem_wisata_alam_di_palangka_raya_yang_masih_sepi,Hidden Gem Wisata Alam di Palangka Raya yang Masih Sepi,pdf,deskriptif,artikel_dan_berita,post,2026-06-06,https://disparbudpora.palangkaraya.go.id/hidden-gem-wisata-alam-di-palangka-raya-yang-masih-sepi/,deskriptif/artikel_dan_berita_pariwisata/hidden_gem_wisata_alam_di_palangka_raya_yang_masih_sepi.pdf,documents/deskriptif/artikel_dan_berita/hidden_gem_wisata_alam_di_palangka_raya_yang_masih_sepi.pdf,84cc6634b3db07dd47ac18a82d030b5690445944360cafe4e098547443968959,7789,,ya
deskriptif__artikel_dan_berita__filosofi_kota_cantik_palangka_raya_ketika_keindahan_bukan_sekadar_pemandangan,"Filosofi ""Kota Cantik"" Palangka Raya: Ketika Keindahan Bukan Sekadar Pemandangan",pdf,deskriptif,artikel_dan_berita,post,2026-06-04,https://disparbudpora.palangkaraya.go.id/filosofi-kota-cantik-palangka-raya-ketika-keindahan-bukan-sekadar-pemandangan/,deskriptif/artikel_dan_berita_pariwisata/filosofi_kota_cantik_palangka_raya_ketika_keindahan_bukan_sekadar_pemandangan.pdf,documents/deskriptif/artikel_dan_berita/filosofi_kota_cantik_palangka_raya_ketika_keindahan_bukan_sekadar_pemandangan.pdf,531d3aaa483080a1671693345e9fcf608b4747f83f440c5c55c8b61d12104698,7036,,ya
deskriptif__event_pariwisata__palangka_raya_raih_runner_up_fbim_2026_kota_cantik_tetap_bersinar_di_panggung_budaya_kalteng,"Palangka Raya Raih Runner Up FBIM 2026, Kota Cantik Tetap Bersinar di Panggung Budaya Kalteng",pdf,deskriptif,event_pariwisata,post,2026-05-24,https://disparbudpora.palangkaraya.go.id/palangka-raya-raih-runner-up-fbim-2026-kota-cantik-tetap-bersinar-di-panggung-budaya-kalteng/,deskriptif/event_pariwisata/palangka_raya_raih_runner_up_fbim_2026_kota_cantik_tetap_bersinar_di_panggung_budaya_kalteng.pdf,documents/deskriptif/event_pariwisata/palangka_raya_raih_runner_up_fbim_2026_kota_cantik_tetap_bersinar_di_panggung_budaya_kalteng.pdf,15bd1d80e91e7f40ebd23ed9a58b85030ae6419aed0ec0922b81a8d528f284c0,4955,,ya
deskriptif__artikel_dan_berita__di_bawah_jembatan_kahayan_kontingen_palangka_raya_berjuang_di_arena_besei_kambe,"Di Bawah Jembatan Kahayan, Kontingen Palangka Raya Berjuang di Arena Besei Kambe",pdf,deskriptif,artikel_dan_berita,post,2026-05-20,https://disparbudpora.palangkaraya.go.id/di-bawah-jembatan-kahayan-kontingen-palangka-raya-berjuang-di-arena-besei-kambe/,deskriptif/artikel_dan_berita_pariwisata/di_bawah_jembatan_kahayan_kontingen_palangka_raya_berjuang_di_arena_besei_kambe.pdf,documents/deskriptif/artikel_dan_berita/di_bawah_jembatan_kahayan_kontingen_palangka_raya_berjuang_di_arena_besei_kambe.pdf,f50631c4e519e647e2603884d39119dd4230d50b17c767c75d1c7930f48cd53f,4482,,ya
deskriptif__artikel_dan_berita__sunrise_yang_menenangkan_jiwa_tips_berburu_sunrise_terbaik_di_palangka_raya,Sunrise yang Menenangkan Jiwa: Tips Berburu Sunrise Terbaik di Palangka Raya,pdf,deskriptif,artikel_dan_berita,post,2026-05-07,https://disparbudpora.palangkaraya.go.id/sunrise-yang-menenangkan-jiwa-tips-berburu-sunrise-terbaik-di-palangka-raya/,deskriptif/artikel_dan_berita_pariwisata/sunrise_yang_menenangkan_jiwa_tips_berburu_sunrise_terbaik_di_palangka_raya.pdf,documents/deskriptif/artikel_dan_berita/sunrise_yang_menenangkan_jiwa_tips_berburu_sunrise_terbaik_di_palangka_raya.pdf,36b15368d73306fc0a6a24f2a7237beb62e1f78e313c8bd4a9d42c87822a7a83,6211,,ya
deskriptif__artikel_dan_berita__menemukan_keindahan_yang_tersembunyi_berburu_spot_foto_hidden_gem_di_palangka_raya,Menemukan Keindahan yang Tersembunyi: Berburu Spot Foto Hidden Gem di Palangka Raya,pdf,deskriptif,artikel_dan_berita,post,2026-04-28,https://disparbudpora.palangkaraya.go.id/menemukan-keindahan-yang-tersembunyi-berburu-spot-foto-hidden-gem-di-palangka-raya/,deskriptif/artikel_dan_berita_pariwisata/menemukan_keindahan_yang_tersembunyi_berburu_spot_foto_hidden_gem_di_palangka_raya.pdf,documents/deskriptif/artikel_dan_berita/menemukan_keindahan_yang_tersembunyi_berburu_spot_foto_hidden_gem_di_palangka_raya.pdf,19039a7e25e23bada4fb65abb0f4c930116be7ebe71a7a5dd1a7b948176b1410,5939,,ya
deskriptif__artikel_dan_berita__liburan_maksimal_budget_minimal_cara_cerdas_menikmati_palangka_raya_tanpa_boros,Liburan Maksimal Budget Minimal: Cara Cerdas Menikmati Palangka Raya Tanpa Boros,pdf,deskriptif,artikel_dan_berita,post,2026-04-26,https://disparbudpora.palangkaraya.go.id/liburan-maksimal-budget-minimal-cara-cerdas-menikmati-palangka-raya-tanpa-boros/,deskriptif/artikel_dan_berita_pariwisata/liburan_maksimal_budget_minimal_cara_cerdas_menikmati_palangka_raya_tanpa_boros.pdf,documents/deskriptif/artikel_dan_berita/liburan_maksimal_budget_minimal_cara_cerdas_menikmati_palangka_raya_tanpa_boros.pdf,a0e9b0b95f576cf6a50d90e6119b2d7391682b616677fd30714c98f519422929,4054,,ya
deskriptif__artikel_dan_berita__healing_trip_vs_adventure_trip_dua_cara_menemukan_diri_di_perjalanan_yang_berbeda,Healing Trip vs Adventure Trip: Dua Cara Menemukan Diri di Perjalanan yang Berbeda,pdf,deskriptif,artikel_dan_berita,post,2026-04-24,https://disparbudpora.palangkaraya.go.id/healing-trip-vs-adventure-trip-dua-cara-menemukan-diri-di-perjalanan-yang-berbeda/,deskriptif/artikel_dan_berita_pariwisata/healing_trip_vs_adventure_trip_dua_cara_menemukan_diri_di_perjalanan_yang_berbeda.pdf,documents/deskriptif/artikel_dan_berita/healing_trip_vs_adventure_trip_dua_cara_menemukan_diri_di_perjalanan_yang_berbeda.pdf,2f72c3172d28e59a33190065cee74d310977c36ca6211609a0da694e3bb0b964,5397,,ya
deskriptif__artikel_dan_berita__disewakan_kios_kuliner_dan_souvenir_kawasan_wisata_kereng_bangkirai,Disewakan Kios Kuliner dan Souvenir Kawasan Wisata Kereng Bangkirai,pdf,deskriptif,artikel_dan_berita,post,2026-04-13,https://disparbudpora.palangkaraya.go.id/disewakan-kios-kuliner-dan-souvenir-kawasan-wisata-kereng-bangkirai/,deskriptif/artikel_dan_berita_pariwisata/disewakan_kios_kuliner_dan_souvenir_kawasan_wisata_kereng_bangkirai.pdf,documents/deskriptif/artikel_dan_berita/disewakan_kios_kuliner_dan_souvenir_kawasan_wisata_kereng_bangkirai.pdf,8a8b35e42841e6634f347c2bdf40ead8015b1f400f54c0ce891e66f94df93d54,3096,,ya
deskriptif__artikel_dan_berita__disewakan_aula_kereng_bangkirai,Disewakan: Aula Kereng Bangkirai,pdf,deskriptif,artikel_dan_berita,post,2026-04-12,https://disparbudpora.palangkaraya.go.id/disewakan-aula-kereng-bangkirai/,deskriptif/artikel_dan_berita_pariwisata/disewakan_aula_kereng_bangkirai.pdf,documents/deskriptif/artikel_dan_berita/disewakan_aula_kereng_bangkirai.pdf,f995ff0c8b6d7b789740798c5fac8b2d7e78b1b849f2ed5a9bc7e151cd8ef415,2578,,ya
deskriptif__event_pariwisata__festival_budaya_isen_mulang_ketika_semangat_dayak_menjadi_perayaan_yang_hidup,Festival Budaya Isen Mulang: Ketika Semangat Dayak Menjadi Perayaan yang Hidup,pdf,deskriptif,event_pariwisata,post,2026-04-10,https://disparbudpora.palangkaraya.go.id/festival-budaya-isen-mulang-ketika-semangat-dayak-menjadi-perayaan-yang-hidup/,deskriptif/event_pariwisata/festival_budaya_isen_mulang_ketika_semangat_dayak_menjadi_perayaan_yang_hidup.pdf,documents/deskriptif/event_pariwisata/festival_budaya_isen_mulang_ketika_semangat_dayak_menjadi_perayaan_yang_hidup.pdf,447630835c3dbcfe6debbbca97e2ac6a1e73b1050a6cbf9707973e1c8b4b0de3,5000,,ya
deskriptif__artikel_dan_berita__mengenal_sandung_sapundu_tradisi_sakral_agama_kaharingan_di_kalimantan_tengah,Mengenal Sandung & Sapundu: Tradisi Sakral Agama Kaharingan di Kalimantan Tengah,pdf,deskriptif,artikel_dan_berita,post,2026-04-09,https://disparbudpora.palangkaraya.go.id/mengenal-sandung-sapundu-tradisi-sakral-dayak-di-kalimantan-tengah/,deskriptif/artikel_dan_berita_pariwisata/mengenal_sandung_sapundu_tradisi_sakral_dayak_di_kalimantan_tengah.pdf,documents/deskriptif/artikel_dan_berita/mengenal_sandung_sapundu_tradisi_sakral_agama_kaharingan_di_kalimantan_tengah.pdf,2b46acfe35ae2e8320e3e8400997b0ab13de7bc644dceab6c28d4ae4bc7a9f83,5829,,ya
deskriptif__artikel_dan_berita__rumah_betang_kalimantan_wisata_budaya_dan_filosofi_hidup_suku_dayak,Rumah Betang Kalimantan: Wisata Budaya dan Filosofi Hidup Suku Dayak,pdf,deskriptif,artikel_dan_berita,post,2026-04-08,https://disparbudpora.palangkaraya.go.id/rumah-betang-kalimantan-wisata-budaya-dan-filosofi-hidup-suku-dayak/,deskriptif/artikel_dan_berita_pariwisata/rumah_betang_kalimantan_wisata_budaya_dan_filosofi_hidup_suku_dayak.pdf,documents/deskriptif/artikel_dan_berita/rumah_betang_kalimantan_wisata_budaya_dan_filosofi_hidup_suku_dayak.pdf,67836cf30787b0eb93ebd914de52b3accbcf397b6a499126645dff02206a1e84,5502,,ya
deskriptif__artikel_dan_berita__liburan_ringan_di_palangka_raya_tips_packing_simpel_dan_efektif,Liburan Ringan di Palangka Raya: Tips Packing Simpel dan Efektif,pdf,deskriptif,artikel_dan_berita,post,2026-04-07,https://disparbudpora.palangkaraya.go.id/liburan-ringan-di-palangka-raya-tips-packing-simpel-dan-efektif/,deskriptif/artikel_dan_berita_pariwisata/liburan_ringan_di_palangka_raya_tips_packing_simpel_dan_efektif.pdf,documents/deskriptif/artikel_dan_berita/liburan_ringan_di_palangka_raya_tips_packing_simpel_dan_efektif.pdf,23eef30b7aa77e88550247172edbb95fd1464beb04e5bd16f0fd49b4f77fc7f3,5265,,ya
deskriptif__artikel_dan_berita__staycation_seru_di_palangka_raya_bareng_keluarga_liburan_dekat_kenangan_hebat,"Staycation Seru di Palangka Raya Bareng Keluarga: Liburan Dekat, Kenangan Hebat",pdf,deskriptif,artikel_dan_berita,post,2026-04-06,https://disparbudpora.palangkaraya.go.id/staycation-seru-di-palangka-raya-bareng-keluarga-liburan-dekat-kenangan-hebat/,deskriptif/artikel_dan_berita_pariwisata/staycation_seru_di_palangka_raya_bareng_keluarga_liburan_dekat_kenangan_hebat.pdf,documents/deskriptif/artikel_dan_berita/staycation_seru_di_palangka_raya_bareng_keluarga_liburan_dekat_kenangan_hebat.pdf,f91a53061e17433ce2007d2fb02881fdd590a895c9e3d51468e96949e820e074,5140,,ya
deskriptif__artikel_dan_berita__dari_pasar_tradisional_hingga_street_food_petualangan_kuliner_di_palangka_raya,Dari Pasar Tradisional hingga Street Food: Petualangan Kuliner di Palangka Raya,pdf,deskriptif,artikel_dan_berita,post,2026-04-05,https://disparbudpora.palangkaraya.go.id/dari-pasar-tradisional-hingga-street-food-petualangan-kuliner-di-palangka-raya/,deskriptif/artikel_dan_berita_pariwisata/dari_pasar_tradisional_hingga_street_food_petualangan_kuliner_di_palangka_raya.pdf,documents/deskriptif/artikel_dan_berita/dari_pasar_tradisional_hingga_street_food_petualangan_kuliner_di_palangka_raya.pdf,846206ec5e33e8d7a55d1eb94d4550c758143f13625957b35c0aa3705e357d51,5115,,ya
deskriptif__artikel_dan_berita__rahasia_traveler_cerdas_6_travel_hacks_yang_jarang_diketahui_tapi_wajib_dicoba,Rahasia Traveler Cerdas: 6 Travel Hacks yang Jarang Diketahui tapi Wajib Dicoba!,pdf,deskriptif,artikel_dan_berita,post,2026-04-04,https://disparbudpora.palangkaraya.go.id/rahasia-traveler-cerdas-6-travel-hacks-yang-jarang-diketahui-tapi-wajib-dicoba/,deskriptif/artikel_dan_berita_pariwisata/rahasia_traveler_cerdas_6_travel_hacks_yang_jarang_diketahui_tapi_wajib_dicoba.pdf,documents/deskriptif/artikel_dan_berita/rahasia_traveler_cerdas_6_travel_hacks_yang_jarang_diketahui_tapi_wajib_dicoba.pdf,7e8380ec3eb9d637db8c45ccce9d64628fcb3eaa661d000d629bd915b04afafe,5969,,ya
deskriptif__artikel_dan_berita__kenali_tanda_kamu_butuh_liburan_sekarang_juga_jangan_tunggu_sampai_burnout,Kenali Tanda Kamu Butuh Liburan Sekarang Juga: Jangan Tunggu Sampai Burnout!,pdf,deskriptif,artikel_dan_berita,post,2026-04-03,https://disparbudpora.palangkaraya.go.id/kenali-tanda-kamu-butuh-liburan-sekarang-juga-jangan-tunggu-sampai-burnout/,deskriptif/artikel_dan_berita_pariwisata/kenali_tanda_kamu_butuh_liburan_sekarang_juga_jangan_tunggu_sampai_burnout.pdf,documents/deskriptif/artikel_dan_berita/kenali_tanda_kamu_butuh_liburan_sekarang_juga_jangan_tunggu_sampai_burnout.pdf,62fc3a7ab105007cf4958b040532023d53ffa36c549cfd9e4ee97665101fbd97,4664,,ya
deskriptif__artikel_dan_berita__tips_solo_traveling_untuk_pemula_berani_pergi_sendiri_temukan_versi_terbaik_dirimu,"Tips Solo Traveling untuk Pemula: Berani Pergi Sendiri, Temukan Versi Terbaik Dirimu",pdf,deskriptif,artikel_dan_berita,post,2026-04-01,https://disparbudpora.palangkaraya.go.id/tips-solo-traveling-untuk-pemula-berani-pergi-sendiri-temukan-versi-terbaik-dirimu/,deskriptif/artikel_dan_berita_pariwisata/tips_solo_traveling_untuk_pemula_berani_pergi_sendiri_temukan_versi_terbaik_dirimu.pdf,documents/deskriptif/artikel_dan_berita/tips_solo_traveling_untuk_pemula_berani_pergi_sendiri_temukan_versi_terbaik_dirimu.pdf,7f61be8c2a796c115f42dd4d9698034b33df4ea75b87eba62f8897166af7be5b,5496,,ya
deskriptif__artikel_dan_berita__honeymoon_berkesan_di_palangka_raya_ketika_cinta_bertemu_alam_yang_tenang,Honeymoon Berkesan di Palangka Raya: Ketika Cinta Bertemu Alam yang Tenang,pdf,deskriptif,artikel_dan_berita,post,2026-03-31,https://disparbudpora.palangkaraya.go.id/honeymoon-berkesan-di-palangka-raya-ketika-cinta-bertemu-alam-yang-tenang/,deskriptif/artikel_dan_berita_pariwisata/honeymoon_berkesan_di_palangka_raya_ketika_cinta_bertemu_alam_yang_tenang.pdf,documents/deskriptif/artikel_dan_berita/honeymoon_berkesan_di_palangka_raya_ketika_cinta_bertemu_alam_yang_tenang.pdf,e622c15172e3115d4faf14b887d64d77bf56475aa7ae6ed6919b406a0df51cea,5519,,ya
deskriptif__artikel_dan_berita__cara_pose_natural_saat_liburan_rahasia_foto_yang_terasa_hidup,"Cara Pose Natural Saat Liburan: Rahasia Foto yang Terasa ""Hidup""",pdf,deskriptif,artikel_dan_berita,post,2026-03-30,https://disparbudpora.palangkaraya.go.id/cara-pose-natural-saat-liburan-rahasia-foto-yang-terasa-hidup/,deskriptif/artikel_dan_berita_pariwisata/cara_pose_natural_saat_liburan_rahasia_foto_yang_terasa_hidup.pdf,documents/deskriptif/artikel_dan_berita/cara_pose_natural_saat_liburan_rahasia_foto_yang_terasa_hidup.pdf,28c32c034ef9b10ba04f619e7fbb0ff90c2f40241a844cef936be1d1e8864a40,5698,,ya
deskriptif__objek_wisata__museum_balanga_menyusuri_jejak_peradaban_dayak_di_jantung_kalimantan,Museum Balanga: Menyusuri Jejak Peradaban Dayak di Jantung Kalimantan,pdf,deskriptif,objek_wisata,post,2026-03-29,https://disparbudpora.palangkaraya.go.id/museum-balanga-menyusuri-jejak-peradaban-dayak-di-jantung-kalimantan/,deskriptif/objek_wisata/museum_balanga_menyusuri_jejak_peradaban_dayak_di_jantung_kalimantan.pdf,documents/deskriptif/objek_wisata/museum_balanga_menyusuri_jejak_peradaban_dayak_di_jantung_kalimantan.pdf,50cb44a1ca5bdf9be8dd558e445d9267bda069ce6a8700d0a41821bf2ffa0943,5273,,ya
deskriptif__artikel_dan_berita__kereng_bangkirai_hidden_gem_palangka_raya_yang_bikin_hati_adem,Kereng Bangkirai: Hidden Gem Palangka Raya yang Bikin Hati Adem,pdf,deskriptif,artikel_dan_berita,post,2026-03-27,https://disparbudpora.palangkaraya.go.id/kereng-bangkirai-hidden-gem-palangka-raya-yang-bikin-hati-adem/,deskriptif/artikel_dan_berita_pariwisata/kereng_bangkirai_hidden_gem_palangka_raya_yang_bikin_hati_adem.pdf,documents/deskriptif/artikel_dan_berita/kereng_bangkirai_hidden_gem_palangka_raya_yang_bikin_hati_adem.pdf,a3885a5906ae45de7f8b7d5200d8a1f7549aef1ca729f158b6563df871c0dd16,2872,,ya
deskriptif__objek_wisata__susur_sungai_kahayan_palangka_raya_menikmati_senja_terindah_di_jantung_kalimantan,Susur Sungai Kahayan Palangka Raya: Menikmati Senja Terindah di Jantung Kalimantan,pdf,deskriptif,objek_wisata,post,2026-03-27,https://disparbudpora.palangkaraya.go.id/susur-sungai-kahayan-palangka-raya-menikmati-senja-terindah-di-jantung-kalimantan/,deskriptif/objek_wisata/susur_sungai_kahayan_palangka_raya_menikmati_senja_terindah_di_jantung_kalimantan.pdf,documents/deskriptif/objek_wisata/susur_sungai_kahayan_palangka_raya_menikmati_senja_terindah_di_jantung_kalimantan.pdf,e31a71593189163be9a3f822385cf25638157f971382fd51887dad6d316eed27,5523,,ya
deskriptif__artikel_dan_berita__menjelajah_pulau_kaja_kisah_penyelamatan_orangutan_di_jantung_hutan_borneo,Menjelajah Pulau Kaja: Kisah Penyelamatan Orangutan di Jantung Hutan Borneo,pdf,deskriptif,artikel_dan_berita,post,2026-03-26,https://disparbudpora.palangkaraya.go.id/menjelajah-pulau-kaja-kisah-penyelamatan-orangutan-di-jantung-hutan-borneo/,deskriptif/artikel_dan_berita_pariwisata/menjelajah_pulau_kaja_kisah_penyelamatan_orangutan_di_jantung_hutan_borneo.pdf,documents/deskriptif/artikel_dan_berita/menjelajah_pulau_kaja_kisah_penyelamatan_orangutan_di_jantung_hutan_borneo.pdf,50f9a95e6c3b0acc1f48d6e1e00149302d350de6b31159839682aab652fb3df6,5562,,ya
deskriptif__artikel_dan_berita__bukit_cinta_palangka_raya_spot_sunset_romantis_dengan_panorama_alam_memikat_di_jantung_borneo,Bukit Cinta Palangka Raya: Spot Sunset Romantis dengan Panorama Alam Memikat di Jantung Borneo,pdf,deskriptif,artikel_dan_berita,post,2026-03-25,https://disparbudpora.palangkaraya.go.id/bukit-cinta-palangka-raya-spot-sunset-romantis-dengan-panorama-alam-memikat-di-jantung-borneo/,deskriptif/artikel_dan_berita_pariwisata/bukit_cinta_palangka_raya_spot_sunset_romantis_dengan_panorama_alam_memikat_di_jantung_borneo.pdf,documents/deskriptif/artikel_dan_berita/bukit_cinta_palangka_raya_spot_sunset_romantis_dengan_panorama_alam_memikat_di_jantung_borneo.pdf,61c193d575348f3e2653a4d5123c415b351ac846ed0a4c3e955014c0c5a09ce8,5311,,ya
deskriptif__artikel_dan_berita__libur_lebaran_di_palangka_raya_5_cara_menikmati_wisata_alam_yang_tenang_berkesan,Libur Lebaran di Palangka Raya: 5 Cara Menikmati Wisata Alam yang Tenang & Berkesan,pdf,deskriptif,artikel_dan_berita,post,2026-03-23,https://disparbudpora.palangkaraya.go.id/libur-lebaran-di-palangka-raya-5-cara-menikmati-wisata-alam-yang-tenang-berkesan/,deskriptif/artikel_dan_berita_pariwisata/libur_lebaran_di_palangka_raya_5_cara_menikmati_wisata_alam_yang_tenang_berkesan.pdf,documents/deskriptif/artikel_dan_berita/libur_lebaran_di_palangka_raya_5_cara_menikmati_wisata_alam_yang_tenang_berkesan.pdf,4712968c18091f185b10748215b39dc8aaa629c7a28d39c61c79146c4a8d841e,5564,,ya
deskriptif__artikel_dan_berita__taman_wisata_alam_bukit_tangkiling_petualangan_alam_di_gerbang_borneo,Taman Wisata Alam Bukit Tangkiling: Petualangan Alam di Gerbang Borneo,pdf,deskriptif,artikel_dan_berita,post,2026-03-18,https://disparbudpora.palangkaraya.go.id/taman-wisata-alam-bukit-tangkiling-petualangan-alam-di-gerbang-borneo/,deskriptif/artikel_dan_berita_pariwisata/taman_wisata_alam_bukit_tangkiling_petualangan_alam_di_gerbang_borneo.pdf,documents/deskriptif/artikel_dan_berita/taman_wisata_alam_bukit_tangkiling_petualangan_alam_di_gerbang_borneo.pdf,04f08e1a54ac83b1afe09f98f05ee2fc68889b637006b24724aade6690aa9777,5864,,ya
deskriptif__artikel_dan_berita__gereja_paroki_katedral_santa_maria_simbol_iman_dan_harmoni_di_jantung_kota,Gereja Paroki Katedral Santa Maria: Simbol Iman dan Harmoni di Jantung Kota,pdf,deskriptif,artikel_dan_berita,post,2026-03-17,https://disparbudpora.palangkaraya.go.id/gereja-paroki-katedral-santa-maria-simbol-iman-dan-harmoni-di-jantung-kota/,deskriptif/artikel_dan_berita_pariwisata/gereja_paroki_katedral_santa_maria_simbol_iman_dan_harmoni_di_jantung_kota.pdf,documents/deskriptif/artikel_dan_berita/gereja_paroki_katedral_santa_maria_simbol_iman_dan_harmoni_di_jantung_kota.pdf,7b45536f5ee393c92b594f299461e7b606e7184b0dbb9027981c3da35e80679f,5121,,ya
deskriptif__artikel_dan_berita__masjid_raya_darussalam_cahaya_spiritual_di_kota_cantik,Masjid Raya Darussalam: Cahaya Spiritual di Kota Cantik,pdf,deskriptif,artikel_dan_berita,post,2026-03-16,https://disparbudpora.palangkaraya.go.id/masjid-raya-darussalam-cahaya-spiritual-di-kota-cantik/,deskriptif/artikel_dan_berita_pariwisata/masjid_raya_darussalam_cahaya_spiritual_di_kota_cantik.pdf,documents/deskriptif/artikel_dan_berita/masjid_raya_darussalam_cahaya_spiritual_di_kota_cantik.pdf,ae8ad95fdb45c89eb5dad6fad95d0f4d7539c820eb35996014c01ac2c419f541,5381,,ya
deskriptif__artikel_dan_berita__dermaga_flamboyan_tempat_kota_dan_sungai_saling_menyapa,Dermaga Flamboyan: Tempat Kota dan Sungai Saling Menyapa,pdf,deskriptif,artikel_dan_berita,post,2026-03-13,https://disparbudpora.palangkaraya.go.id/dermaga-flamboyan-tempat-kota-dan-sungai-saling-menyapa/,deskriptif/artikel_dan_berita_pariwisata/dermaga_flamboyan_tempat_kota_dan_sungai_saling_menyapa.pdf,documents/deskriptif/artikel_dan_berita/dermaga_flamboyan_tempat_kota_dan_sungai_saling_menyapa.pdf,5ea518f7d8bb3a39a1797035fb7da1acd80c89170f3c81ed252020ab69274dde,4810,,ya
deskriptif__objek_wisata__tugu_soekarno_monumen_sejarah_yang_menghidupkan_semangat_kota_cantik,Tugu Soekarno: Monumen Sejarah yang Menghidupkan Semangat Kota Cantik,pdf,deskriptif,objek_wisata,post,2026-03-12,https://disparbudpora.palangkaraya.go.id/tugu-soekarno-monumen-sejarah-yang-menghidupkan-semangat-kota-cantik/,deskriptif/objek_wisata/tugu_soekarno_monumen_sejarah_yang_menghidupkan_semangat_kota_cantik.pdf,documents/deskriptif/objek_wisata/tugu_soekarno_monumen_sejarah_yang_menghidupkan_semangat_kota_cantik.pdf,29de3691eb861eae8182f04f0e35569adacb49de27a7be4860bf06c6535666d9,6005,,ya
deskriptif__objek_wisata__jembatan_kahayan_cara_menyaksikan_senja_terindah_di_jantung_palangka_raya,Jembatan Kahayan: Cara Menyaksikan Senja Terindah di Jantung Palangka Raya,pdf,deskriptif,objek_wisata,post,2026-03-11,https://disparbudpora.palangkaraya.go.id/jembatan-kahayan-cara-menyaksikan-senja-terindah-di-jantung-palangka-raya/,deskriptif/objek_wisata/jembatan_kahayan_cara_menyaksikan_senja_terindah_di_jantung_palangka_raya.pdf,documents/deskriptif/objek_wisata/jembatan_kahayan_cara_menyaksikan_senja_terindah_di_jantung_palangka_raya.pdf,be7a0d74e52fbae457538ec0826f0bd7ad826c6c8bff882ec791fefae2ffb58f,5834,,ya
deskriptif__artikel_dan_berita__bundaran_besar_dan_jantung_kota_palangka_raya,Bundaran Besar dan Jantung Kota Palangka Raya,pdf,deskriptif,artikel_dan_berita,post,2026-03-10,https://disparbudpora.palangkaraya.go.id/bundaran-besar-dan-jantung-kota-palangka-raya/,deskriptif/artikel_dan_berita_pariwisata/bundaran_besar_dan_jantung_kota_palangka_raya.pdf,documents/deskriptif/artikel_dan_berita/bundaran_besar_dan_jantung_kota_palangka_raya.pdf,c057634be02093a0deba45ff8a083128bf67bc4b888a36a1e96793271fcd1801,5495,,ya
deskriptif__artikel_dan_berita__fakta_menarik_kota_palangka_raya,Fakta Menarik Kota Palangka Raya,pdf,deskriptif,artikel_dan_berita,post,2026-03-09,https://disparbudpora.palangkaraya.go.id/fakta-menarik-kota-palangka-raya/,deskriptif/artikel_dan_berita_pariwisata/fakta_menarik_kota_palangka_raya.pdf,documents/deskriptif/artikel_dan_berita/fakta_menarik_kota_palangka_raya.pdf,6cecc7d0943327c1d92d5632aefb014551bcc0ec4b65733c5d02dc9dfa0f9431,5982,,ya
deskriptif__artikel_dan_berita__keunikan_budaya_masyarakat_dayak,Keunikan Budaya Masyarakat Dayak,pdf,deskriptif,artikel_dan_berita,post,2026-03-06,https://disparbudpora.palangkaraya.go.id/keunikan-budaya-masyarakat-dayak/,deskriptif/artikel_dan_berita_pariwisata/keunikan_budaya_masyarakat_dayak.pdf,documents/deskriptif/artikel_dan_berita/keunikan_budaya_masyarakat_dayak.pdf,f0a31179729fee433df4b60f0e319dfe1a41c36974e3da80fd587f8ae1ed774a,5452,,ya
deskriptif__artikel_dan_berita__iklim_waktu_terbaik_berkunjung_ke_kota_palangka_raya,Iklim & Waktu Terbaik Berkunjung ke Kota Palangka Raya,pdf,deskriptif,artikel_dan_berita,post,2026-03-05,https://disparbudpora.palangkaraya.go.id/iklim-waktu-terbaik-berkunjung-ke-kota-palangka-raya/,deskriptif/artikel_dan_berita_pariwisata/iklim_waktu_terbaik_berkunjung_ke_kota_palangka_raya.pdf,documents/deskriptif/artikel_dan_berita/iklim_waktu_terbaik_berkunjung_ke_kota_palangka_raya.pdf,1859805ef0076654b22142303b39179a3d19a5f437206ca6715f005e8dab96a9,5888,,ya
deskriptif__artikel_dan_berita__letak_geografis_karakter_alam_kota_palangka_raya,Letak Geografis & Karakter Alam Kota Palangka Raya,pdf,deskriptif,artikel_dan_berita,post,2026-03-04,https://disparbudpora.palangkaraya.go.id/letak-geografis-karakter-alam-kota-palangka-raya/,deskriptif/artikel_dan_berita_pariwisata/letak_geografis_karakter_alam_kota_palangka_raya.pdf,documents/deskriptif/artikel_dan_berita/letak_geografis_karakter_alam_kota_palangka_raya.pdf,7ce511124f52e3b4bf1aadced37bfbb48b05fea5a8d7deb079da7c03c6454720,6429,,ya
deskriptif__artikel_dan_berita__filosofi_kota_cantik_palangka_raya,"Filosofi ""Kota Cantik"" Palangka Raya",pdf,deskriptif,artikel_dan_berita,post,2026-03-03,https://disparbudpora.palangkaraya.go.id/filosofi-kota-cantik-palangka-raya/,deskriptif/artikel_dan_berita_pariwisata/filosofi_kota_cantik_palangka_raya.pdf,documents/deskriptif/artikel_dan_berita/filosofi_kota_cantik_palangka_raya.pdf,fa1b41239577409a01d2cc876a1f414ae519de58097fe3de2594b8651f166cc6,5746,,ya
deskriptif__artikel_dan_berita__mengapa_palangka_raya_layak_dijelajahi,Mengapa Palangka Raya Layak Dijelajahi?,pdf,deskriptif,artikel_dan_berita,post,2026-03-02,https://disparbudpora.palangkaraya.go.id/mengapa-palangka-raya-layak-dijelajahi/,deskriptif/artikel_dan_berita_pariwisata/mengapa_palangka_raya_layak_dijelajahi.pdf,documents/deskriptif/artikel_dan_berita/mengapa_palangka_raya_layak_dijelajahi.pdf,ec29e1882183da224337b97826cec1e471a8e3dadc7434761b801c7e87447c00,5930,,ya
deskriptif__artikel_dan_berita__palangka_raya_permata_hijau_di_jantung_borneo_yang_kian_bersinar,Palangka Raya: Permata Hijau di Jantung Borneo yang Kian Bersinar,pdf,deskriptif,artikel_dan_berita,post,2026-02-27,https://disparbudpora.palangkaraya.go.id/palangka-raya-permata-hijau-di-jantung-borneo-yang-kian-bersinar/,deskriptif/artikel_dan_berita_pariwisata/palangka_raya_permata_hijau_di_jantung_borneo_yang_kian_bersinar.pdf,documents/deskriptif/artikel_dan_berita/palangka_raya_permata_hijau_di_jantung_borneo_yang_kian_bersinar.pdf,8b3a0706bada6d0c719600319a60a8a119bb4f645299bfc4b5cbd59eb0ec4321,5405,,ya
deskriptif__artikel_dan_berita__kereng_bangkirai_tempat_nongkrong_paling_syahdu_di_palangka_raya,"Kereng Bangkirai, Tempat Nongkrong Paling Syahdu di Palangka Raya!",pdf,deskriptif,artikel_dan_berita,post,2026-02-26,https://disparbudpora.palangkaraya.go.id/kereng-bangkirai-tempat-nongkrong-paling-syahdu-di-palangka-raya/,deskriptif/artikel_dan_berita_pariwisata/kereng_bangkirai_tempat_nongkrong_paling_syahdu_di_palangka_raya.pdf,documents/deskriptif/artikel_dan_berita/kereng_bangkirai_tempat_nongkrong_paling_syahdu_di_palangka_raya.pdf,aa47a79db4eadfd2ffb6f31c224244516044a21dcde541e9bdf421f2ecfadede,3109,,ya
deskriptif__artikel_dan_berita__pesona_wisata_lewu_bue_harmoni_alam_dan_budaya_dayak_di_jantung_kalimantan,"Pesona Wisata Lewu Bue, Harmoni Alam dan Budaya Dayak di Jantung Kalimantan",pdf,deskriptif,artikel_dan_berita,post,2026-02-24,https://disparbudpora.palangkaraya.go.id/pesona-wisata-lewu-bue-harmoni-alam-dan-budaya-dayak-di-jantung-kalimantan/,deskriptif/artikel_dan_berita_pariwisata/pesona_wisata_lewu_bue_harmoni_alam_dan_budaya_dayak_di_jantung_kalimantan.pdf,documents/deskriptif/artikel_dan_berita/pesona_wisata_lewu_bue_harmoni_alam_dan_budaya_dayak_di_jantung_kalimantan.pdf,1986d8332fc8048b8a969f1a1e724bead58a69366226874aceee0fc2d128e647,3601,,ya
deskriptif__objek_wisata__wisata_kebun_buah_cipta_rasa_pak_slamet_sensasi_petik_buah_segar_langsung_dari_pohonnya_di_palangka_raya,Wisata Kebun Buah Cipta Rasa Pak Slamet - Sensasi Petik Buah Segar Langsung dari Pohonnya di Palangka Raya,pdf,deskriptif,objek_wisata,post,2026-02-23,https://disparbudpora.palangkaraya.go.id/wisata-kebun-buah-cipta-rasa-pak-slamet-sensasi-petik-buah-segar-langsung-dari-pohonnya-di-palangka-raya/,deskriptif/objek_wisata/wisata_kebun_buah_cipta_rasa_pak_slamet_sensasi_petik_buah_segar_langsung_dari_pohonnya_di_palangka_raya.pdf,documents/deskriptif/objek_wisata/wisata_kebun_buah_cipta_rasa_pak_slamet_sensasi_petik_buah_segar_langsung_dari_pohonnya_di_palangka_raya.pdf,6c5653b0e88588e5609d6698c14518393cfe4c65ebc064fa1456bef3ebea8dca,3615,,ya
deskriptif__objek_wisata__pasar_blauran_jantung_aktivitas_belanja_tradisional_palangka_raya,"Pasar Blauran, Jantung Aktivitas Belanja Tradisional Palangka Raya",pdf,deskriptif,objek_wisata,post,2026-02-20,https://disparbudpora.palangkaraya.go.id/pasar-blauran-jantung-aktivitas-belanja-tradisional-palangka-raya/,deskriptif/objek_wisata/pasar_blauran_jantung_aktivitas_belanja_tradisional_palangka_raya.pdf,documents/deskriptif/objek_wisata/pasar_blauran_jantung_aktivitas_belanja_tradisional_palangka_raya.pdf,4405e953eb2d8e59ecdd8a4545dda43fd85cccdaf9c410f3f6f4d60f8acab850,4556,,ya
deskriptif__artikel_dan_berita__serunya_agrowisata_petik_buah_larosa_di_palangkaraya,Serunya Agrowisata Petik Buah Larosa di Palangkaraya,pdf,deskriptif,artikel_dan_berita,post,2026-02-04,https://disparbudpora.palangkaraya.go.id/serunya-agrowisata-petik-buah-larosa-di-palangkaraya/,deskriptif/artikel_dan_berita_pariwisata/serunya_agrowisata_petik_buah_larosa_di_palangkaraya.pdf,documents/deskriptif/artikel_dan_berita/serunya_agrowisata_petik_buah_larosa_di_palangkaraya.pdf,880bed51cd8d84a26d17e879a6e526ea977147c0366e3fa72ee29fe683156504,3239,,ya
deskriptif__artikel_dan_berita__mengenal_sandung_ngabe_soekah_destinasi_wisata_budaya_bernilai_spiritual,"Mengenal Sandung Ngabe Soekah, Destinasi Wisata Budaya Bernilai Spiritual",pdf,deskriptif,artikel_dan_berita,post,2026-02-03,https://disparbudpora.palangkaraya.go.id/mengenal-sandung-ngabe-soekah-destinasi-wisata-budaya-bernilai-spiritual/,deskriptif/artikel_dan_berita_pariwisata/mengenal_sandung_ngabe_soekah_destinasi_wisata_budaya_bernilai_spiritual.pdf,documents/deskriptif/artikel_dan_berita/mengenal_sandung_ngabe_soekah_destinasi_wisata_budaya_bernilai_spiritual.pdf,a92ad3b761d5d20c895c53f172d9c4955f6442a609b1a1769a1bbd8cbfe39758,4721,,ya
deskriptif__artikel_dan_berita__dprd_kunjungan_kerja_ke_disparbudpora_palangka_raya_bahas_penguatan_citra_budaya_sebagai_daya_tarik_wisata,DPRD Kunjungan Kerja ke DISPARBUDPORA Palangka Raya Bahas Penguatan Citra Budaya sebagai Daya Tarik Wisata,pdf,deskriptif,artikel_dan_berita,post,2026-02-02,https://disparbudpora.palangkaraya.go.id/dprd-kunjungan-kerja-ke-disparbudpora-palangka-raya-bahas-penguatan-citra-budaya-sebagai-daya-tarik-wisata/,deskriptif/artikel_dan_berita_pariwisata/dprd_kunjungan_kerja_ke_disparbudpora_palangka_raya_bahas_penguatan_citra_budaya_sebagai_daya_tarik_wisata.pdf,documents/deskriptif/artikel_dan_berita/dprd_kunjungan_kerja_ke_disparbudpora_palangka_raya_bahas_penguatan_citra_budaya_sebagai_daya_tarik_wisata.pdf,993d4fd313129eaffd2a931dc249b3dfcdf445c5b95cde1af6b61372d60815cd,3488,,ya
deskriptif__objek_wisata__menjelajah_keindahan_sungai_koran_pesona_alam_yang_menyegarkan,"Menjelajah Keindahan Sungai Koran, Pesona Alam yang Menyegarkan",pdf,deskriptif,objek_wisata,post,2026-01-30,https://disparbudpora.palangkaraya.go.id/menjelajah-keindahan-sungai-koran-pesona-alam-yang-menyegarkan/,deskriptif/objek_wisata/menjelajah_keindahan_sungai_koran_pesona_alam_yang_menyegarkan.pdf,documents/deskriptif/objek_wisata/menjelajah_keindahan_sungai_koran_pesona_alam_yang_menyegarkan.pdf,1b6e93051dcacfaae724c155c5ded9a22f50e0dfeed8a2ff227cb2a07a9c6e38,4721,,ya
deskriptif__objek_wisata__menjelajah_pesona_alam_lestari_kota_palangka_raya,Menjelajah Pesona Alam Lestari Kota Palangka Raya,pdf,deskriptif,objek_wisata,post,2026-01-26,https://disparbudpora.palangkaraya.go.id/menjelajah-pesona-alam-lestari-kota-palangka-raya/,deskriptif/objek_wisata/menjelajah_pesona_alam_lestari_kota_palangka_raya.pdf,documents/deskriptif/objek_wisata/menjelajah_pesona_alam_lestari_kota_palangka_raya.pdf,27bf2a40e772b2e4a6486b43763c8a1249f3a160d4bbe8d8dfb3e47c83c9aa5b,4679,,ya
deskriptif__artikel_dan_berita__makam_kubah_kuning_destinasi_wisata_religi_bersejarah_di_kota_palangka_raya,Makam Kubah Kuning: Destinasi Wisata Religi Bersejarah di Kota Palangka Raya,pdf,deskriptif,artikel_dan_berita,post,2026-01-23,https://disparbudpora.palangkaraya.go.id/makam-kubah-kuning-destinasi-wisata-religi-bersejarah-di-kota-palangka-raya/,deskriptif/artikel_dan_berita_pariwisata/makam_kubah_kuning_destinasi_wisata_religi_bersejarah_di_kota_palangka_raya.pdf,documents/deskriptif/artikel_dan_berita/makam_kubah_kuning_destinasi_wisata_religi_bersejarah_di_kota_palangka_raya.pdf,0cd22d722fc1acc267ce16761a5993bc5892284b515c4623f45935f2cbc65b12,4788,,ya
deskriptif__artikel_dan_berita__wisata_air_hitam_kereng_bangkirai_harmoni_alam_budaya_dan_pesona_senja_palangka_raya,"Wisata Air Hitam Kereng Bangkirai: Harmoni Alam, Budaya, dan Pesona Senja Palangka Raya",pdf,deskriptif,artikel_dan_berita,post,2026-01-21,https://disparbudpora.palangkaraya.go.id/wisata-air-hitam-kereng-bangkirai-harmoni-alam-budaya-dan-pesona-senja-palangka-raya/,deskriptif/artikel_dan_berita_pariwisata/wisata_air_hitam_kereng_bangkirai_harmoni_alam_budaya_dan_pesona_senja_palangka_raya.pdf,documents/deskriptif/artikel_dan_berita/wisata_air_hitam_kereng_bangkirai_harmoni_alam_budaya_dan_pesona_senja_palangka_raya.pdf,e545c1c508b9933e2851fb38d0660b742b920b66a24c4051bf64281515bfd312,5264,,ya
deskriptif__artikel_dan_berita__susur_sungai_kahayan_menyapa_alam_dari_aliran_sungai_legendaris_kalimantan_tengah,"Susur Sungai Kahayan, Menyapa Alam dari Aliran Sungai Legendaris Kalimantan Tengah",pdf,deskriptif,artikel_dan_berita,post,2026-01-19,https://disparbudpora.palangkaraya.go.id/susur-sungai-kahayan-menyapa-alam-dari-aliran-sungai-legendaris-kalimantan-tengah/,deskriptif/artikel_dan_berita_pariwisata/susur_sungai_kahayan_menyapa_alam_dari_aliran_sungai_legendaris_kalimantan_tengah.pdf,documents/deskriptif/artikel_dan_berita/susur_sungai_kahayan_menyapa_alam_dari_aliran_sungai_legendaris_kalimantan_tengah.pdf,3e5794b845ac4065a51135b07ce11ea03fb83472d7d4a48ab2bfcbf52c0f7ce3,3761,,ya
deskriptif__objek_wisata__tajahan_tjilik_riwut_jejak_sejarah_di_tengah_alam_palangka_raya,"Tajahan Tjilik Riwut, Jejak Sejarah di Tengah Alam Palangka Raya",pdf,deskriptif,objek_wisata,post,2026-01-15,https://disparbudpora.palangkaraya.go.id/tajahan-tjilik-riwut-jejak-sejarah-di-tengah-alam-palangka-raya/,deskriptif/objek_wisata/tajahan_tjilik_riwut_jejak_sejarah_di_tengah_alam_palangka_raya.pdf,documents/deskriptif/objek_wisata/tajahan_tjilik_riwut_jejak_sejarah_di_tengah_alam_palangka_raya.pdf,c7071d1584ea0e79aafd8f818181724f380b6338462c7dd55f4f3d9bb4602394,4669,,ya
deskriptif__objek_wisata__pusat_souvenir_dan_oleh_oleh_khas_palangka_raya_di_jalan_batam,Pusat Souvenir dan Oleh-Oleh Khas Palangka Raya di Jalan Batam,pdf,deskriptif,objek_wisata,post,2026-01-14,https://disparbudpora.palangkaraya.go.id/pusat-souvenir-dan-oleh-oleh-khas-palangka-raya-di-jalan-batam/,deskriptif/objek_wisata/pusat_souvenir_dan_oleh_oleh_khas_palangka_raya_di_jalan_batam.pdf,documents/deskriptif/objek_wisata/pusat_souvenir_dan_oleh_oleh_khas_palangka_raya_di_jalan_batam.pdf,54345c8a56bf43f255aa76b8cdf9efe41c2c971a2ed939dbd8453bccfe886dc1,4386,,ya
deskriptif__artikel_dan_berita__museum_balanga_destinasi_wisata_edukasi_bernuansa_budaya_dayak,"Museum Balanga, Destinasi Wisata Edukasi Bernuansa Budaya Dayak",pdf,deskriptif,artikel_dan_berita,post,2026-01-12,https://disparbudpora.palangkaraya.go.id/museum-balanga-destinasi-wisata-edukasi-bernuansa-budaya-dayak/,deskriptif/artikel_dan_berita_pariwisata/museum_balanga_destinasi_wisata_edukasi_bernuansa_budaya_dayak.pdf,documents/deskriptif/artikel_dan_berita/museum_balanga_destinasi_wisata_edukasi_bernuansa_budaya_dayak.pdf,be6a5ae9baaefe13a20ffb720a2573a60b8c3deea15abab118757026bd37c788,4592,,ya
deskriptif__objek_wisata__mengenal_alam_kalimantan_lebih_dekat_di_taman_wisata_kum_kum,Mengenal Alam Kalimantan Lebih Dekat di Taman Wisata Kum-Kum,pdf,deskriptif,objek_wisata,post,2026-01-08,https://disparbudpora.palangkaraya.go.id/mengenal-alam-kalimantan-lebih-dekat-di-taman-wisata-kum-kum/,deskriptif/objek_wisata/mengenal_alam_kalimantan_lebih_dekat_di_taman_wisata_kum_kum.pdf,documents/deskriptif/objek_wisata/mengenal_alam_kalimantan_lebih_dekat_di_taman_wisata_kum_kum.pdf,f038f09d21672f7907ed9fe96a5eb8f50be05c9ee40dcbc0ce70ba35b5ac1250,4662,,ya
deskriptif__artikel_dan_berita__wisata_kuliner_flamboyan_pahandut_seberang_cita_rasa_lokal_di_tepi_sungai_kahayan,Wisata Kuliner Flamboyan Pahandut Seberang: Cita Rasa Lokal di Tepi Sungai Kahayan,pdf,deskriptif,artikel_dan_berita,post,2026-01-07,https://disparbudpora.palangkaraya.go.id/wisata-kuliner-flamboyan-pahandut-seberang-cita-rasa-lokal-di-tepi-sungai-kahayan/,deskriptif/artikel_dan_berita_pariwisata/wisata_kuliner_flamboyan_pahandut_seberang_cita_rasa_lokal_di_tepi_sungai_kahayan.pdf,documents/deskriptif/artikel_dan_berita/wisata_kuliner_flamboyan_pahandut_seberang_cita_rasa_lokal_di_tepi_sungai_kahayan.pdf,bcbd5c87a4b100f8b28b026068666f36dac187502a0e9b63fb1dc099c983a26d,3711,,ya
deskriptif__objek_wisata__kalawa_waterpark_wahana_seru_keluarga_di_tengah_kota_palangka_raya,"Kalawa Waterpark, Wahana Seru Keluarga di Tengah Kota Palangka Raya",pdf,deskriptif,objek_wisata,post,2026-01-06,https://disparbudpora.palangkaraya.go.id/kalawa-waterpark-wahana-seru-keluarga-di-tengah-kota-palangka-raya/,deskriptif/objek_wisata/kalawa_waterpark_wahana_seru_keluarga_di_tengah_kota_palangka_raya.pdf,documents/deskriptif/objek_wisata/kalawa_waterpark_wahana_seru_keluarga_di_tengah_kota_palangka_raya.pdf,9ab531a29b92658ec87102bf2807815dac01cebdf205ce426ba91913f9916616,4468,,ya
deskriptif__artikel_dan_berita__jembatan_kahayan_ikon_kota_dan_ruang_wisata_yang_hidup_di_palangka_raya,"Jembatan Kahayan, Ikon Kota dan Ruang Wisata yang Hidup di Palangka Raya",pdf,deskriptif,artikel_dan_berita,post,2026-01-05,https://disparbudpora.palangkaraya.go.id/jembatan-kahayan-ikon-kota-dan-ruang-wisata-yang-hidup-di-palangka-raya/,deskriptif/artikel_dan_berita_pariwisata/jembatan_kahayan_ikon_kota_dan_ruang_wisata_yang_hidup_di_palangka_raya.pdf,documents/deskriptif/artikel_dan_berita/jembatan_kahayan_ikon_kota_dan_ruang_wisata_yang_hidup_di_palangka_raya.pdf,19ba9a6f279a68fcb2496496e9b72e3cff6888301a5d64aab27379826bc9b4ca,4597,,ya
deskriptif__objek_wisata__menepi_sejenak_di_danau_hanjalutung_wisata_alam_penuh_makna,"Menepi Sejenak di Danau Hanjalutung, Wisata Alam Penuh Makna",pdf,deskriptif,objek_wisata,post,2026-01-02,https://disparbudpora.palangkaraya.go.id/menepi-sejenak-di-danau-hanjalutung-wisata-alam-penuh-makna/,deskriptif/objek_wisata/menepi_sejenak_di_danau_hanjalutung_wisata_alam_penuh_makna.pdf,documents/deskriptif/objek_wisata/menepi_sejenak_di_danau_hanjalutung_wisata_alam_penuh_makna.pdf,5180186ae32b5dafbf76873ad48e7b34af892e132d2afe0492ac754881e496ef,4776,,ya
deskriptif__objek_wisata__mengenal_betang_mandala_wisata_eka_tingang_nganderang_destinasi_budaya_kalimantan_tengah,"Mengenal Betang Mandala Wisata ""Eka Tingang Nganderang"", Destinasi Budaya Kalimantan Tengah",pdf,deskriptif,objek_wisata,post,2025-12-31,https://disparbudpora.palangkaraya.go.id/mengenal-betang-mandala-wisata-eka-tingang-nganderang-destinasi-budaya-kalimantan-tengah/,deskriptif/objek_wisata/mengenal_betang_mandala_wisata_eka_tingang_nganderang_destinasi_budaya_kalimantan_tengah.pdf,documents/deskriptif/objek_wisata/mengenal_betang_mandala_wisata_eka_tingang_nganderang_destinasi_budaya_kalimantan_tengah.pdf,9a6e14ba4d6287687916e313b9805ef578d4d4bfb33fd09006f6ab617000b1f5,4702,,ya
deskriptif__artikel_dan_berita__pesona_taman_wisata_alam_bukit_tangkiling_surga_hijau_di_sekitar_palangka_raya,"Pesona Taman Wisata Alam Bukit Tangkiling, Surga Hijau di Sekitar Palangka Raya",pdf,deskriptif,artikel_dan_berita,post,2025-12-29,https://disparbudpora.palangkaraya.go.id/pesona-taman-wisata-alam-bukit-tangkiling-surga-hijau-di-sekitar-palangka-raya/,deskriptif/artikel_dan_berita_pariwisata/pesona_taman_wisata_alam_bukit_tangkiling_surga_hijau_di_sekitar_palangka_raya.pdf,documents/deskriptif/artikel_dan_berita/pesona_taman_wisata_alam_bukit_tangkiling_surga_hijau_di_sekitar_palangka_raya.pdf,42bb2d6e456863a1f9ed3fa50a650a0ce74350701f37eeca84cce6c2cac531a5,4638,,ya
deskriptif__artikel_dan_berita__menjelajah_pulau_kaja_surga_kecil_di_aliran_sungai_kahayan,"Menjelajah Pulau Kaja, Surga Kecil di Aliran Sungai Kahayan",pdf,deskriptif,artikel_dan_berita,post,2025-12-17,https://disparbudpora.palangkaraya.go.id/menjelajah-pulau-kaja-surga-kecil-di-aliran-sungai-kahayan/,deskriptif/artikel_dan_berita_pariwisata/menjelajah_pulau_kaja_surga_kecil_di_aliran_sungai_kahayan.pdf,documents/deskriptif/artikel_dan_berita/menjelajah_pulau_kaja_surga_kecil_di_aliran_sungai_kahayan.pdf,933d7e5c2db2bdd6d73e6d727ae80c77fe02684eac7c7541ac7814af2f7d6bc5,4909,,ya
deskriptif__objek_wisata__bumi_perkemahan_nyaru_menteng_tempat_terbaik_untuk_menyatu_dengan_alam,"Bumi Perkemahan Nyaru Menteng, Tempat Terbaik untuk Menyatu dengan Alam",pdf,deskriptif,objek_wisata,post,2025-12-15,https://disparbudpora.palangkaraya.go.id/bumi-perkemahan-nyaru-menteng-tempat-terbaik-untuk-menyatu-dengan-alam/,deskriptif/objek_wisata/bumi_perkemahan_nyaru_menteng_tempat_terbaik_untuk_menyatu_dengan_alam.pdf,documents/deskriptif/objek_wisata/bumi_perkemahan_nyaru_menteng_tempat_terbaik_untuk_menyatu_dengan_alam.pdf,092ec080483ba3709ee2ec37b01dea011aeb6be6fd2907f3a4fcd1f5ddfd8896,4647,,ya
deskriptif__objek_wisata__mengintip_pesona_desa_wisata_sei_gohong_yang_bikin_betah,Mengintip Pesona Desa Wisata Sei Gohong yang Bikin Betah,pdf,deskriptif,objek_wisata,post,2025-12-12,https://disparbudpora.palangkaraya.go.id/mengintip-pesona-desa-wisata-sei-gohong-yang-bikin-betah/,deskriptif/objek_wisata/mengintip_pesona_desa_wisata_sei_gohong_yang_bikin_betah.pdf,documents/deskriptif/objek_wisata/mengintip_pesona_desa_wisata_sei_gohong_yang_bikin_betah.pdf,02f0a492768c482a11feb97bcab1377b6fd1d4c9287d62272b453768c0d5bc05,4647,,ya
deskriptif__objek_wisata__pemancingan_anugrah_palangka_raya_serunya_santai_nikmatnya_menjaring_ikan_di_tengah_kota,"Pemancingan Anugrah Palangka Raya: Serunya Santai, Nikmatnya Menjaring Ikan di Tengah Kota",pdf,deskriptif,objek_wisata,post,2025-12-09,https://disparbudpora.palangkaraya.go.id/pemancingan-anugrah-palangka-raya-serunya-santai-nikmatnya-menjaring-ikan-di-tengah-kota/,deskriptif/objek_wisata/pemancingan_anugrah_palangka_raya_serunya_santai_nikmatnya_menjaring_ikan_di_tengah_kota.pdf,documents/deskriptif/objek_wisata/pemancingan_anugrah_palangka_raya_serunya_santai_nikmatnya_menjaring_ikan_di_tengah_kota.pdf,75b9e9e48a7699d740f2305b713ac2cea27067c0f3bc1268046e287190859e54,4758,,ya
deskriptif__artikel_dan_berita__menjelajah_keindahan_bukit_wisata_kanarakan,Menjelajah Keindahan Bukit Wisata Kanarakan,pdf,deskriptif,artikel_dan_berita,post,2025-12-05,https://disparbudpora.palangkaraya.go.id/menjelajah-keindahan-bukit-wisata-kanarakan/,deskriptif/artikel_dan_berita_pariwisata/menjelajah_keindahan_bukit_wisata_kanarakan.pdf,documents/deskriptif/artikel_dan_berita/menjelajah_keindahan_bukit_wisata_kanarakan.pdf,ae4aac4b6f79d6274dea78fb9f6bc48efc3335194f3caa48f48293dc0d3027df,3567,,ya
deskriptif__objek_wisata__arboretum_nyaru_menteng_tempat_pas_buat_napas_santai_dan_dekat_dari_kota,"Arboretum Nyaru Menteng, Tempat Pas Buat Napas, Santai, dan Dekat dari Kota",pdf,deskriptif,objek_wisata,post,2025-12-03,https://disparbudpora.palangkaraya.go.id/arboretum-nyaru-menteng-tempat-pas-buat-napas-santai-dan-dekat-dari-kota/,deskriptif/objek_wisata/arboretum_nyaru_menteng_tempat_pas_buat_napas_santai_dan_dekat_dari_kota.pdf,documents/deskriptif/objek_wisata/arboretum_nyaru_menteng_tempat_pas_buat_napas_santai_dan_dekat_dari_kota.pdf,43e7979febbf9ef76aefd3ae5f3ecc46848896de012ff6e88a47eacd0fe918b0,4527,,ya
deskriptif__objek_wisata__danau_tahai_pesona_alam_tenang_di_pinggiran_palangka_raya,"Danau Tahai, Pesona Alam Tenang di Pinggiran Palangka Raya",pdf,deskriptif,objek_wisata,post,2025-11-27,https://disparbudpora.palangkaraya.go.id/danau-tahai-pesona-alam-tenang-di-pinggiran-palangka-raya/,deskriptif/objek_wisata/danau_tahai_pesona_alam_tenang_di_pinggiran_palangka_raya.pdf,documents/deskriptif/objek_wisata/danau_tahai_pesona_alam_tenang_di_pinggiran_palangka_raya.pdf,22364b55c6fb041230c3b5bc221dabadfbeb457880fc5fd503e227997b613450,5144,,ya
deskriptif__artikel_dan_berita__sandung_bawi_kuwu_warisan_sakral_yang_memikat_wisatawan_budaya_di_kalimantan_tengah,"Sandung Bawi Kuwu, Warisan Sakral yang Memikat Wisatawan Budaya di Kalimantan Tengah",pdf,deskriptif,artikel_dan_berita,post,2025-11-26,https://disparbudpora.palangkaraya.go.id/sandung-bawi-kuwu-warisan-sakral-yang-memikat-wisatawan-budaya-di-kalimantan-tenga/,deskriptif/artikel_dan_berita_pariwisata/sandung_bawi_kuwu_warisan_sakral_yang_memikat_wisatawan_budaya_di_kalimantan_tenga.pdf,documents/deskriptif/artikel_dan_berita/sandung_bawi_kuwu_warisan_sakral_yang_memikat_wisatawan_budaya_di_kalimantan_tengah.pdf,cb6d0f4b1cc719dc506eb773b080962b9c7c42cdc759e91d3e0abb254ff5a862,5052,,ya
deskriptif__artikel_dan_berita__drs_nahson_taway_walikota_palangka_raya_ke_8_yang_mengukir_prestasi_dan_membangun_fondasi_kota_cantik,Drs. Nahson Taway: Walikota Palangka Raya ke-8 yang Mengukir Prestasi dan Membangun Fondasi Kota CANTIK,pdf,deskriptif,artikel_dan_berita,post,2025-11-11,https://disparbudpora.palangkaraya.go.id/drs-nahson-taway-walikota-palangka-raya-ke-8-yang-mengukir-prestasi-dan-membangun-fondasi-kota-cantik/,deskriptif/artikel_dan_berita_pariwisata/drs_nahson_taway_walikota_palangka_raya_ke_8_yang_mengukir_prestasi_dan_membangun_fondasi_kota_cantik.pdf,documents/deskriptif/artikel_dan_berita/drs_nahson_taway_walikota_palangka_raya_ke_8_yang_mengukir_prestasi_dan_membangun_fondasi_kota_cantik.pdf,2f925e1a6b483c6f943caa6320dd67dfc9f61b547c9c125446dbd3c1b968dc53,6240,,ya
deskriptif__artikel_dan_berita__drs_donnis_nixoni_singaraca_pencetus_slogan_palangka_raya_kota_cantik,"Drs. Donnis Nixoni Singaraca, Pencetus Slogan Palangka Raya Kota CANTIK",pdf,deskriptif,artikel_dan_berita,post,2025-11-10,https://disparbudpora.palangkaraya.go.id/drs-donnis-nixoni-singaraca-pencetus-slogan-palangka-raya-kota-cantik/,deskriptif/artikel_dan_berita_pariwisata/drs_donnis_nixoni_singaraca_pencetus_slogan_palangka_raya_kota_cantik.pdf,documents/deskriptif/artikel_dan_berita/drs_donnis_nixoni_singaraca_pencetus_slogan_palangka_raya_kota_cantik.pdf,295218a228d7ac42eac5d720200c445ad1b5d35472530e88918146daec5b098e,4655,,ya
deskriptif__artikel_dan_berita__dinas_pariwisata_hadir_dalam_rapat_evaluasi_peraturan_daerah_di_dprd_kota_palangka_raya,Dinas Pariwisata Hadir Dalam Rapat Evaluasi Peraturan Daerah di DPRD Kota Palangka Raya,pdf,deskriptif,artikel_dan_berita,post,2025-10-23,https://disparbudpora.palangkaraya.go.id/dinas-pariwisata-hadir-dalam-rapat-evaluasi-peraturan-daerah-di-dprd-kota-palangka-raya/,deskriptif/artikel_dan_berita_pariwisata/dinas_pariwisata_hadir_dalam_rapat_evaluasi_peraturan_daerah_di_dprd_kota_palangka_raya.pdf,documents/deskriptif/artikel_dan_berita/dinas_pariwisata_hadir_dalam_rapat_evaluasi_peraturan_daerah_di_dprd_kota_palangka_raya.pdf,85dcdc655dac675da90f691dd79a353c752f7e2337a69e3d00a86f70d7b6b398,3000,,ya
deskriptif__artikel_dan_berita__susur_sungai_kahayan_menikmati_palangka_raya_dari_lembaran_air_yang_berbicara,Susur Sungai Kahayan : Menikmati Palangka Raya dari Lembaran Air yang Berbicara,pdf,deskriptif,artikel_dan_berita,post,2025-10-21,https://disparbudpora.palangkaraya.go.id/susur-sungai-kahayan-menikmati-palangka-raya-dari-lembaran-air-yang-berbicara/,deskriptif/artikel_dan_berita_pariwisata/susur_sungai_kahayan_menikmati_palangka_raya_dari_lembaran_air_yang_berbicara.pdf,documents/deskriptif/artikel_dan_berita/susur_sungai_kahayan_menikmati_palangka_raya_dari_lembaran_air_yang_berbicara.pdf,86710da171145f28feddeaffcdabe344a490d46a54dadf9cca777ea7d549bddc,5896,,ya
deskriptif__artikel_dan_berita__tradisi_teknologi_duet_maut_promosi_wisata_palangka_raya,Tradisi & Teknologi: Duet Maut Promosi Wisata Palangka Raya,pdf,deskriptif,artikel_dan_berita,post,2025-10-20,https://disparbudpora.palangkaraya.go.id/tradisi-teknologi-duet-maut-promosi-wisata-palangka-raya/,deskriptif/artikel_dan_berita_pariwisata/tradisi_teknologi_duet_maut_promosi_wisata_palangka_raya.pdf,documents/deskriptif/artikel_dan_berita/tradisi_teknologi_duet_maut_promosi_wisata_palangka_raya.pdf,88a198d463c5e1ff1bfb44257ecaecfae318753ffebe2dab41208ba7261f1caf,6840,,ya
deskriptif__artikel_dan_berita__mewakili_kadis_kabid_kebudayaan_resmikan_launching_sanggar_katining_ambun_wadah_baru_pelestarian_budaya_dayak,"Mewakili Kadis, Kabid Kebudayaan Resmikan Launching Sanggar Katining Ambun: Wadah Baru Pelestarian Budaya Dayak",pdf,deskriptif,artikel_dan_berita,post,2025-10-19,https://disparbudpora.palangkaraya.go.id/kabid-kebudayaan-ita-dwi-rahayu-resmikan-launching-sanggar-katining-ambun-wadah-baru-pelestarian-budaya-dayak/,deskriptif/artikel_dan_berita_pariwisata/kabid_kebudayaan_ita_dwi_rahayu_resmikan_launching_sanggar_katining_ambun_wadah_baru_pelestarian_budaya_dayak.pdf,documents/deskriptif/artikel_dan_berita/mewakili_kadis_kabid_kebudayaan_resmikan_launching_sanggar_katining_ambun_wadah_baru_pelestarian_budaya_dayak.pdf,35647c1a42a4a9c4e45c884e4998dad360bbe39a1830d8fad93e3afe260728c4,5472,,ya
deskriptif__artikel_dan_berita__rri_palangka_raya_hadirkan_kuncoro_adi_bahas_hilirisasi_wisata_untuk_nilai_tambah_ekonomi_daerah,RRI Palangka Raya Hadirkan Kuncoro Adi Bahas Hilirisasi Wisata untuk Nilai Tambah Ekonomi Daerah,pdf,deskriptif,artikel_dan_berita,post,2025-10-14,https://disparbudpora.palangkaraya.go.id/rri-palangka-raya-hadirkan-kuncoro-adi-bahas-hilirisasi-wisata-untuk-nilai-tambah-ekonomi-daerah/,deskriptif/artikel_dan_berita_pariwisata/rri_palangka_raya_hadirkan_kuncoro_adi_bahas_hilirisasi_wisata_untuk_nilai_tambah_ekonomi_daerah.pdf,documents/deskriptif/artikel_dan_berita/rri_palangka_raya_hadirkan_kuncoro_adi_bahas_hilirisasi_wisata_untuk_nilai_tambah_ekonomi_daerah.pdf,a462df042acafb221a8bff7a64ca086e7d654e961317985e8bb89ca1397eedaf,7593,,ya
deskriptif__artikel_dan_berita__kepala_disparbudpora_palangka_raya_resmi_buka_pelatihan_sadar_wisata_2025_kebangkitan_sdm_pariwisata_lokal,"Kepala DISPARBUDPORA Palangka Raya Resmi Buka ""Pelatihan Sadar Wisata 2025"": Kebangkitan SDM Pariwisata Lokal",pdf,deskriptif,artikel_dan_berita,post,2025-10-14,https://disparbudpora.palangkaraya.go.id/kepala-disparbudpora-palangka-raya-resmi-buka-pelatihan-sadar-wisata-2025-kebangkitan-sdm-pariwisata-lokal/,deskriptif/artikel_dan_berita_pariwisata/kepala_disparbudpora_palangka_raya_resmi_buka_pelatihan_sadar_wisata_2025_kebangkitan_sdm_pariwisata_lokal.pdf,documents/deskriptif/artikel_dan_berita/kepala_disparbudpora_palangka_raya_resmi_buka_pelatihan_sadar_wisata_2025_kebangkitan_sdm_pariwisata_lokal.pdf,ad0c9cb743abc9be0ad09c8c40a6bb0012bfee09a04a0c8e6f67b811e839fc65,6016,,ya
deskriptif__artikel_dan_berita__mengenal_warisan_budaya_takbenda_apa_sih_wbtb_itu,Mengenal Warisan Budaya Takbenda : Apa Sih WBTb Itu?,pdf,deskriptif,artikel_dan_berita,post,2025-10-11,https://disparbudpora.palangkaraya.go.id/mengenal-warisan-budaya-takbenda-apa-sih-wbtb-itu/,deskriptif/artikel_dan_berita_pariwisata/mengenal_warisan_budaya_takbenda_apa_sih_wbtb_itu.pdf,documents/deskriptif/artikel_dan_berita/mengenal_warisan_budaya_takbenda_apa_sih_wbtb_itu.pdf,44e806c3128a73c4fd1cea5065de80cf34c0e11ce6d5f2840d25625489f424cb,5865,,ya
deskriptif__artikel_dan_berita__dari_pegawai_disparbudpora_ke_keluarga_penyerahan_telur_di_lokasi_stunting_kereng_bangkirai,Dari Pegawai DISPARBUDPORA ke Keluarga: Penyerahan Telur di Lokasi Stunting Kereng Bangkirai,pdf,deskriptif,artikel_dan_berita,post,2025-10-11,https://disparbudpora.palangkaraya.go.id/dari-pegawai-disparbudpora-ke-keluarga-penyerahan-telur-di-lokasi-stunting-kereng-bangkirai/,deskriptif/artikel_dan_berita_pariwisata/dari_pegawai_disparbudpora_ke_keluarga_penyerahan_telur_di_lokasi_stunting_kereng_bangkirai.pdf,documents/deskriptif/artikel_dan_berita/dari_pegawai_disparbudpora_ke_keluarga_penyerahan_telur_di_lokasi_stunting_kereng_bangkirai.pdf,ef26a663261e4d40c0975576ad497709d03bee490662175ef704e3119c0a42a5,5317,,ya
deskriptif__artikel_dan_berita__memahami_turis_dan_merancang_strategi_wisata_palangka_raya,Memahami Turis dan Merancang Strategi Wisata Palangka Raya,pdf,deskriptif,artikel_dan_berita,post,2025-10-10,https://disparbudpora.palangkaraya.go.id/memahami-turis-dan-merancang-strategi-wisata-palangka-raya/,deskriptif/artikel_dan_berita_pariwisata/memahami_turis_dan_merancang_strategi_wisata_palangka_raya.pdf,documents/deskriptif/artikel_dan_berita/memahami_turis_dan_merancang_strategi_wisata_palangka_raya.pdf,8f19ab367821ad3799b79115282151afd97c206342e7ca2be6466bdc4a9e1ee8,6493,,ya
deskriptif__artikel_dan_berita__ibu_ita_dwi_rahayu_dan_bidang_budaya_bersama_tim_kalteng_ikuti_sidang_wbtbi_2025_harapan_besar_bagi_3_karya_budaya_dayak,Ibu Ita Dwi Rahayu dan Bidang Budaya bersama Tim Kalteng Ikuti Sidang WBTbI 2025: Harapan Besar bagi 3 Karya Budaya Dayak,pdf,deskriptif,artikel_dan_berita,post,2025-10-07,https://disparbudpora.palangkaraya.go.id/ibu-ita-dwi-rahayu-dan-bidang-budaya-bersama-tim-kalteng-ikuti-sidang-wbtbi-2025-harapan-besar-bagi-3-karya-budaya-dayak/,deskriptif/artikel_dan_berita_pariwisata/ibu_ita_dwi_rahayu_dan_bidang_budaya_bersama_tim_kalteng_ikuti_sidang_wbtbi_2025_harapan_besar_bagi_3_karya_budaya_dayak.pdf,documents/deskriptif/artikel_dan_berita/ibu_ita_dwi_rahayu_dan_bidang_budaya_bersama_tim_kalteng_ikuti_sidang_wbtbi_2025_harapan_besar_bagi_3_karya_budaya_dayak.pdf,bee480c5e043d53d24f0542c3e6094fcf1a72421151dcea372679f0e9ba58b80,6315,,ya
deskriptif__objek_wisata__wisata_matan_andau_resort_staycation_kekinian_yang_bikin_ketagihan,Wisata Matan Andau Resort: Staycation Kekinian yang Bikin Ketagihan!,pdf,deskriptif,objek_wisata,post,2025-10-05,https://disparbudpora.palangkaraya.go.id/wisata-matan-andau-resort-staycation-kekinian-yang-bikin-ketagihan/,deskriptif/objek_wisata/wisata_matan_andau_resort_staycation_kekinian_yang_bikin_ketagihan.pdf,documents/deskriptif/objek_wisata/wisata_matan_andau_resort_staycation_kekinian_yang_bikin_ketagihan.pdf,526499e70186a70be28ef5106f1f73956882da287f1eda6eeca76d97669a6b46,6120,,ya
deskriptif__artikel_dan_berita__kabid_pemasaran_pariwisata_ikut_membatik_dalam_peringatan_hari_batik_nasional_2025,Kabid Pemasaran Pariwisata Ikut Membatik dalam Peringatan Hari Batik Nasional 2025,pdf,deskriptif,artikel_dan_berita,post,2025-10-03,https://disparbudpora.palangkaraya.go.id/kabid-pemasaran-pariwisata-ikut-membatik-dalam-peringatan-hari-batik-nasional-2025/,deskriptif/artikel_dan_berita_pariwisata/kabid_pemasaran_pariwisata_ikut_membatik_dalam_peringatan_hari_batik_nasional_2025.pdf,documents/deskriptif/artikel_dan_berita/kabid_pemasaran_pariwisata_ikut_membatik_dalam_peringatan_hari_batik_nasional_2025.pdf,16389f649b4265358b3f0b49155a742984421a8154b832bff78899752ef28756,6233,,ya
deskriptif__artikel_dan_berita__dialog_strategi_pengembangan_wisata_komisi_iii_dprd_kotawaringin_timur_kunjungi_disparbudpora,"Dialog Strategi Pengembangan Wisata, Komisi III DPRD Kotawaringin Timur Kunjungi DISPARBUDPORA",pdf,deskriptif,artikel_dan_berita,post,2025-10-01,https://disparbudpora.palangkaraya.go.id/dialog-strategi-pengembangan-wisata-komisi-iii-dprd-kotawaringin-timur-kunjungi-disparbudpora/,deskriptif/artikel_dan_berita_pariwisata/dialog_strategi_pengembangan_wisata_komisi_iii_dprd_kotawaringin_timur_kunjungi_disparbudpora.pdf,documents/deskriptif/artikel_dan_berita/dialog_strategi_pengembangan_wisata_komisi_iii_dprd_kotawaringin_timur_kunjungi_disparbudpora.pdf,374ac471a09a2c780cadb67a8bac40c69e52dc9ed430916cd2ae9129b7548887,7663,,ya
deskriptif__artikel_dan_berita__kaji_wisata_desa_untuk_pacu_pad_dprd_barito_timur_kunker_ke_disparbudpora_palangka_raya,Kaji Wisata Desa Untuk Pacu PAD : DPRD Barito Timur Kunker ke DISPARBUDPORA Palangka Raya,pdf,deskriptif,artikel_dan_berita,post,2025-09-29,https://disparbudpora.palangkaraya.go.id/6339-2/,deskriptif/artikel_dan_berita_pariwisata/6339_2.pdf,documents/deskriptif/artikel_dan_berita/kaji_wisata_desa_untuk_pacu_pad_dprd_barito_timur_kunker_ke_disparbudpora_palangka_raya.pdf,505d4057810201b193ee8a07f14210e1ea524a88efc6f07ef913fbc1b37a204a,6756,,ya
deskriptif__artikel_dan_berita__bimtek_ekowisata_kalteng_kuncoro_adi_dorong_kebijakan_pariwisata_berkelanjutan,Bimtek Ekowisata Kalteng: Kuncoro Adi Dorong Kebijakan Pariwisata Berkelanjutan,pdf,deskriptif,artikel_dan_berita,post,2025-09-25,https://disparbudpora.palangkaraya.go.id/imtek-ekowisata-kalteng-kuncoro-adi-dorong-sinergi-pariwisata-dan-lingkungan/,deskriptif/artikel_dan_berita_pariwisata/imtek_ekowisata_kalteng_kuncoro_adi_dorong_sinergi_pariwisata_dan_lingkungan.pdf,documents/deskriptif/artikel_dan_berita/bimtek_ekowisata_kalteng_kuncoro_adi_dorong_kebijakan_pariwisata_berkelanjutan.pdf,af9d4f9bf3d2d613814d8d70a5b65ac2f5d0fb63d321e9916795c8a8e70a55c5,3766,,ya
deskriptif__artikel_dan_berita__gelar_seni_budaya_warnai_peringatan_hari_pariwisata_sedunia_di_taman_budaya_kalteng,Gelar Seni Budaya Warnai Peringatan Hari Pariwisata Sedunia di Taman Budaya Kalteng,pdf,deskriptif,artikel_dan_berita,post,2025-09-21,https://disparbudpora.palangkaraya.go.id/gelar-seni-budaya-warnai-peringatan-hari-pariwisata-sedunia-di-taman-budaya-kalteng/,deskriptif/artikel_dan_berita_pariwisata/gelar_seni_budaya_warnai_peringatan_hari_pariwisata_sedunia_di_taman_budaya_kalteng.pdf,documents/deskriptif/artikel_dan_berita/gelar_seni_budaya_warnai_peringatan_hari_pariwisata_sedunia_di_taman_budaya_kalteng.pdf,dc2b9ed90ab4e124c74e958d8d0b18da7deb8afc2ce0e123ea2971b8d4fa6c52,4826,,ya
deskriptif__event_pariwisata__rawafest_ecotourism_2025_resmi_dibuka_sinergi_seni_alam_di_kota_cantik,"Rawafest Ecotourism 2025 Resmi Dibuka, Sinergi Seni & Alam di Kota Cantik",pdf,deskriptif,event_pariwisata,post,2025-09-19,https://disparbudpora.palangkaraya.go.id/rawafest-ecotourism-2025-resmi-dibuka-sinergi-seni-alam-di-kota-cantik/,deskriptif/event_pariwisata/rawafest_ecotourism_2025_resmi_dibuka_sinergi_seni_alam_di_kota_cantik.pdf,documents/deskriptif/event_pariwisata/rawafest_ecotourism_2025_resmi_dibuka_sinergi_seni_alam_di_kota_cantik.pdf,c3d9513324a2cb362ee02d257d0e0d646c1d3047994b6e92c8f3f849f5b21a5c,5804,,ya
deskriptif__artikel_dan_berita__smart_tourism_palangka_raya_pariwisata_terintegrasi_untuk_kota_cantik,Smart Tourism Palangka Raya: Pariwisata Terintegrasi Untuk Kota Cantik ?,pdf,deskriptif,artikel_dan_berita,post,2025-09-18,https://disparbudpora.palangkaraya.go.id/smart-tourism-palangka-raya-pariwisata-terintegrasi-untuk-kota-cantik/,deskriptif/artikel_dan_berita_pariwisata/smart_tourism_palangka_raya_pariwisata_terintegrasi_untuk_kota_cantik.pdf,documents/deskriptif/artikel_dan_berita/smart_tourism_palangka_raya_pariwisata_terintegrasi_untuk_kota_cantik.pdf,dc5d304e4d3ba98a5b0387a3ba2cb4e30b2ecc602c9f0a1e01ba545657a7af89,6939,,ya
deskriptif__artikel_dan_berita__siapkah_palangka_raya_jadi_magnet_instagram_tourism,Siapkah Palangka Raya Jadi Magnet Instagram Tourism?,pdf,deskriptif,artikel_dan_berita,post,2025-09-16,https://disparbudpora.palangkaraya.go.id/menjadi-destinasi-instagramable-siapkah-palangka-raya/,deskriptif/artikel_dan_berita_pariwisata/menjadi_destinasi_instagramable_siapkah_palangka_raya.pdf,documents/deskriptif/artikel_dan_berita/siapkah_palangka_raya_jadi_magnet_instagram_tourism.pdf,559deeb08bb9dda1c6ced7e54d986d28208574c0235e8add97ec94c819bc5029,8018,,ya
deskriptif__artikel_dan_berita__menara_air_memori_kota_cagar_budaya_tower_pdam_kota_palangka_raya,Menara Air & Memori Kota : Cagar Budaya Tower PDAM Kota Palangka Raya,pdf,deskriptif,artikel_dan_berita,post,2025-09-13,https://disparbudpora.palangkaraya.go.id/menara-air-memori-kota-cagar-budaya-tower-pdam-kota-palangka-raya/,deskriptif/artikel_dan_berita_pariwisata/menara_air_memori_kota_cagar_budaya_tower_pdam_kota_palangka_raya.pdf,documents/deskriptif/artikel_dan_berita/menara_air_memori_kota_cagar_budaya_tower_pdam_kota_palangka_raya.pdf,89dfd7a81f27b6d8cfeaaa2a51b38c98ee834340ef182494629fd4c737684de0,9279,,ya
deskriptif__objek_wisata__palangka_raya_close_up_10_destinasi_palangka_raya_yang_bikin_kamu_jatuh_cinta,Palangka Raya Close-Up: 10 Destinasi Palangka Raya yang Bikin Kamu Jatuh Cinta,pdf,deskriptif,objek_wisata,post,2025-09-09,https://disparbudpora.palangkaraya.go.id/palangka-raya-close-up-10-destinasi-palangka-raya-yang-bikin-kamu-jatuh-cinta/,deskriptif/objek_wisata/palangka_raya_close_up_10_destinasi_palangka_raya_yang_bikin_kamu_jatuh_cinta.pdf,documents/deskriptif/objek_wisata/palangka_raya_close_up_10_destinasi_palangka_raya_yang_bikin_kamu_jatuh_cinta.pdf,78be281e5a64843e72268ae04246fb2c64de58aae2a220493ca47265b3e2b4be,8268,,ya
deskriptif__artikel_dan_berita__membangun_citra_green_tourism_di_palangka_raya_dari_jargon_menuju_aksi_nyata,Membangun Citra Green Tourism di Palangka Raya: Dari Jargon Menuju Aksi Nyata,pdf,deskriptif,artikel_dan_berita,post,2025-09-07,https://disparbudpora.palangkaraya.go.id/membangun-citra-green-tourism-di-palangka-raya-dari-jargon-menuju-aksi-nyata/,deskriptif/artikel_dan_berita_pariwisata/membangun_citra_green_tourism_di_palangka_raya_dari_jargon_menuju_aksi_nyata.pdf,documents/deskriptif/artikel_dan_berita/membangun_citra_green_tourism_di_palangka_raya_dari_jargon_menuju_aksi_nyata.pdf,d03d144c8b964c0368da0091c976edcfa793a2813cb7489334522fd2cc672ede,5915,,ya
deskriptif__event_pariwisata__rawa_fest_ecotourism_2025_siap_guncang_wisata_kereng_bangkirai,Rawa Fest ECOTOURISM 2025 Siap Guncang Wisata Kereng Bangkirai,pdf,deskriptif,event_pariwisata,post,2025-09-05,https://disparbudpora.palangkaraya.go.id/rawa-fest-ecotourism-2025-siap-guncang-wisata-kereng-bangkirai/,deskriptif/event_pariwisata/rawa_fest_ecotourism_2025_siap_guncang_wisata_kereng_bangkirai.pdf,documents/deskriptif/event_pariwisata/rawa_fest_ecotourism_2025_siap_guncang_wisata_kereng_bangkirai.pdf,4880e975c04317cdb56d4904a081674cfa193c24d1b1a7a686f1d04d42befafa,5214,,ya
deskriptif__artikel_dan_berita__tren_solo_traveler_dan_potensi_pasar_palangka_raya,Tren Solo Traveler dan Potensi Pasar Palangka Raya,pdf,deskriptif,artikel_dan_berita,post,2025-09-02,https://disparbudpora.palangkaraya.go.id/tren-solo-traveler-dan-potensi-pasar-palangka-raya/,deskriptif/artikel_dan_berita_pariwisata/tren_solo_traveler_dan_potensi_pasar_palangka_raya.pdf,documents/deskriptif/artikel_dan_berita/tren_solo_traveler_dan_potensi_pasar_palangka_raya.pdf,8db5efcbc84638e71771b90f09e8596e878e00a9f8a20d7d6127943bd4dbe18b,6284,,ya
deskriptif__artikel_dan_berita__kepala_disparbudpora_palangka_raya_buka_sertifikasi_kompetensi_marketing_communication_specialist,Kepala DISPARBUDPORA Palangka Raya Buka Sertifikasi Kompetensi Marketing Communication Specialist,pdf,deskriptif,artikel_dan_berita,post,2025-08-31,https://disparbudpora.palangkaraya.go.id/kadis-pariwisata-palangka-raya-buka-sertifikasi-kompetensi-marketing-communication-specialist/,deskriptif/artikel_dan_berita_pariwisata/kadis_pariwisata_palangka_raya_buka_sertifikasi_kompetensi_marketing_communication_specialist.pdf,documents/deskriptif/artikel_dan_berita/kepala_disparbudpora_palangka_raya_buka_sertifikasi_kompetensi_marketing_communication_specialist.pdf,d0e62d36cacf849a4e619b9ab4c1fb371e41ea4415f49d4c4c37698f2ca2ae79,5251,,ya
deskriptif__artikel_dan_berita__dinas_pariwisata_dan_opd_palangka_raya_kompak_jaga_kebersihan_kota,Dinas Pariwisata dan OPD Palangka Raya Kompak Jaga Kebersihan Kota,pdf,deskriptif,artikel_dan_berita,post,2025-08-31,https://disparbudpora.palangkaraya.go.id/dinas-pariwisata-dan-opd-palangka-raya-kompak-jaga-kebersihan-kota/,deskriptif/artikel_dan_berita_pariwisata/dinas_pariwisata_dan_opd_palangka_raya_kompak_jaga_kebersihan_kota.pdf,documents/deskriptif/artikel_dan_berita/dinas_pariwisata_dan_opd_palangka_raya_kompak_jaga_kebersihan_kota.pdf,e439d511236194d74dada521f5207c267bfaa631daf41c0bc2b65518afa8521b,2609,,ya
deskriptif__artikel_dan_berita__optimalisasi_media_digital_untuk_pemasaran_destinasi_palangka_raya,Optimalisasi Media Digital untuk Pemasaran Destinasi Palangka Raya,pdf,deskriptif,artikel_dan_berita,post,2025-08-22,https://disparbudpora.palangkaraya.go.id/optimalisasi-media-digital-untuk-pemasaran-destinasi-palangka-raya/,deskriptif/artikel_dan_berita_pariwisata/optimalisasi_media_digital_untuk_pemasaran_destinasi_palangka_raya.pdf,documents/deskriptif/artikel_dan_berita/optimalisasi_media_digital_untuk_pemasaran_destinasi_palangka_raya.pdf,85f837642d87ad1089a9469a17e5e49cb23122be0094998ea1cd31e9259a82d8,6302,,ya
deskriptif__artikel_dan_berita__membedah_strategi_branding_destinasi_wisata_palangka_raya,Membedah Strategi Branding Destinasi Wisata Palangka Raya,pdf,deskriptif,artikel_dan_berita,post,2025-08-21,https://disparbudpora.palangkaraya.go.id/membedah-strategi-branding-destinasi-wisata-palangka-raya/,deskriptif/artikel_dan_berita_pariwisata/membedah_strategi_branding_destinasi_wisata_palangka_raya.pdf,documents/deskriptif/artikel_dan_berita/membedah_strategi_branding_destinasi_wisata_palangka_raya.pdf,3f23a2a0fff52e54cb4bab98391ed67b0b61d7831ca1c93c3baed834d2dd3b04,6162,,ya
deskriptif__objek_wisata__pesona_wisata_air_hitam_petualangan_seru_di_dermaga_kereng_bangkirai_yang_bikin_ketagihan,Pesona Wisata Air Hitam : Petualangan Seru di Dermaga Kereng Bangkirai yang Bikin Ketagihan!,pdf,deskriptif,objek_wisata,post,2025-08-21,https://disparbudpora.palangkaraya.go.id/rahasia-sungai-hitam-palangka-raya-petualangan-seru-di-dermaga-kereng-bangkirai-yang-bikin-ketagihan/,deskriptif/objek_wisata/rahasia_sungai_hitam_palangka_raya_petualangan_seru_di_dermaga_kereng_bangkirai_yang_bikin_ketagihan.pdf,documents/deskriptif/objek_wisata/pesona_wisata_air_hitam_petualangan_seru_di_dermaga_kereng_bangkirai_yang_bikin_ketagihan.pdf,4cf4b6df5b9973b2a66b13019a8f00cf8e43a094d529b247225f1491287a4745,5919,,ya
deskriptif__artikel_dan_berita__wisata_berbasis_hati_cara_baru_memikat_turis_ke_palangka_raya,Wisata Berbasis Hati: Cara Baru Memikat Turis ke Palangka Raya,pdf,deskriptif,artikel_dan_berita,post,2025-08-20,https://disparbudpora.palangkaraya.go.id/wisata-berbasis-hati-cara-baru-memikat-turis-ke-palangka-raya/,deskriptif/artikel_dan_berita_pariwisata/wisata_berbasis_hati_cara_baru_memikat_turis_ke_palangka_raya.pdf,documents/deskriptif/artikel_dan_berita/wisata_berbasis_hati_cara_baru_memikat_turis_ke_palangka_raya.pdf,726174caa2aac2288f10412cb998a09e73d9aa3b221ada037dc6b40422d98be2,6183,,ya
deskriptif__objek_wisata__hutan_pantung_seru_seruan_di_paru_paru_kota_palangka_raya,Hutan Pantung: Seru-seruan di Paru-Paru Kota Palangka Raya,pdf,deskriptif,objek_wisata,post,2025-08-13,https://disparbudpora.palangkaraya.go.id/hutan-pantung-seru-seruan-di-paru-paru-kota-palangka-raya/,deskriptif/objek_wisata/hutan_pantung_seru_seruan_di_paru_paru_kota_palangka_raya.pdf,documents/deskriptif/objek_wisata/hutan_pantung_seru_seruan_di_paru_paru_kota_palangka_raya.pdf,17bde405316ad203a1e444f0b3f34f66ac305644ed4ab663c31b2ce95dc49229,3141,,ya
deskriptif__objek_wisata__rasakan_adrenalin_wisata_atv_seru_di_tanduhan,Rasakan Adrenalin! Wisata ATV Seru di Tanduhan,pdf,deskriptif,objek_wisata,post,2025-08-12,https://disparbudpora.palangkaraya.go.id/rasakan-adrenalin-wisata-atv-seru-di-tanduhan/,deskriptif/objek_wisata/rasakan_adrenalin_wisata_atv_seru_di_tanduhan.pdf,documents/deskriptif/objek_wisata/rasakan_adrenalin_wisata_atv_seru_di_tanduhan.pdf,e71003028dd59ef6c50d64db710ca8a3f7191c72b5477f7b73357b68583e6eb6,3691,,ya
deskriptif__artikel_dan_berita__anak_muda_digitalisasi_dan_harapan_baru_wisata_palangka_raya,"Anak Muda, Digitalisasi, dan Harapan Baru Wisata Palangka Raya",pdf,deskriptif,artikel_dan_berita,post,2025-08-12,https://disparbudpora.palangkaraya.go.id/anak-muda-digitalisasi-dan-harapan-baru-wisata-palangka-raya/,deskriptif/artikel_dan_berita_pariwisata/anak_muda_digitalisasi_dan_harapan_baru_wisata_palangka_raya.pdf,documents/deskriptif/artikel_dan_berita/anak_muda_digitalisasi_dan_harapan_baru_wisata_palangka_raya.pdf,e151b09210e5ab521f58d16ed524a7c507fadf2d954376a74229bb4b9d6542ab,8061,,ya
deskriptif__objek_wisata__menjelajahi_pesona_danum_bahandang_permata_tersembunyi_di_jantung_palangka_raya,Menjelajahi Pesona Danum Bahandang: Permata Tersembunyi di Jantung Palangka Raya,pdf,deskriptif,objek_wisata,post,2025-08-08,https://disparbudpora.palangkaraya.go.id/menjelajahi-pesona-danum-bahandang-permata-tersembunyi-di-jantung-palangka-raya/,deskriptif/objek_wisata/menjelajahi_pesona_danum_bahandang_permata_tersembunyi_di_jantung_palangka_raya.pdf,documents/deskriptif/objek_wisata/menjelajahi_pesona_danum_bahandang_permata_tersembunyi_di_jantung_palangka_raya.pdf,e6df4e347e009a41bc73830c277e8c4962b15444d8e92cc417ad20c05916e0df,8116,,ya
deskriptif__artikel_dan_berita__pesona_muda_palangka_raya_kiprah_ajang_duta_pariwisata_2025,Pesona Muda Palangka Raya: Kiprah Ajang Duta Pariwisata 2025,pdf,deskriptif,artikel_dan_berita,post,2025-08-07,https://disparbudpora.palangkaraya.go.id/pesona-muda-palangka-raya-kiprah-ajang-duta-pariwisata-2025/,deskriptif/artikel_dan_berita_pariwisata/pesona_muda_palangka_raya_kiprah_ajang_duta_pariwisata_2025.pdf,documents/deskriptif/artikel_dan_berita/pesona_muda_palangka_raya_kiprah_ajang_duta_pariwisata_2025.pdf,103067d74eb39924efcfc6cd2982d1fe16ca42eadd1009c8e67b5fc8dde1fc33,6338,,ya
deskriptif__event_pariwisata__lewu_palangka_festival_2025_pesta_budaya_dan_ekonomi_kreatif_kota_cantik,Lewu Palangka Festival 2025: Pesta Budaya dan Ekonomi Kreatif Kota Cantik,pdf,deskriptif,event_pariwisata,post,2025-08-06,https://disparbudpora.palangkaraya.go.id/lewu-palangka-festival-2025-pesta-budaya-dan-ekonomi-kreatif-kota-cantik/,deskriptif/event_pariwisata/lewu_palangka_festival_2025_pesta_budaya_dan_ekonomi_kreatif_kota_cantik.pdf,documents/deskriptif/event_pariwisata/lewu_palangka_festival_2025_pesta_budaya_dan_ekonomi_kreatif_kota_cantik.pdf,039ac440b492415c3f501eba43452a19fd2fb284cf440005296d918297512eaf,5816,,ya
deskriptif__artikel_dan_berita__ketika_promosi_wisata_tak_lagi_cukup_strategi_emosional_dan_budaya_jadi_andalan,Ketika Promosi Wisata Tak Lagi Cukup: Strategi Emosional dan Budaya Jadi Andalan,pdf,deskriptif,artikel_dan_berita,post,2025-08-05,https://disparbudpora.palangkaraya.go.id/ketika-promosi-wisata-tak-lagi-cukup-strategi-emosional-dan-budaya-jadi-andalan/,deskriptif/artikel_dan_berita_pariwisata/ketika_promosi_wisata_tak_lagi_cukup_strategi_emosional_dan_budaya_jadi_andalan.pdf,documents/deskriptif/artikel_dan_berita/ketika_promosi_wisata_tak_lagi_cukup_strategi_emosional_dan_budaya_jadi_andalan.pdf,c5be0bc1953215fbc7d96440a15c216aeade6447d98b60102ee51801cc41c444,6384,,ya
deskriptif__objek_wisata__wisata_sei_batu,Wisata Sei Batu,pdf,deskriptif,objek_wisata,post,2025-03-11,https://disparbudpora.palangkaraya.go.id/wisata-sei-batu/,deskriptif/objek_wisata/wisata_sei_batu.pdf,documents/deskriptif/objek_wisata/wisata_sei_batu.pdf,8d8692f7cd3299f024d04e7206a6585e1d6daffe154f3240031216a6eb866e62,2807,,ya
deskriptif__objek_wisata__taman_pasuk_kameloh,Taman Pasuk Kameloh,pdf,deskriptif,objek_wisata,post,2025-02-18,https://disparbudpora.palangkaraya.go.id/taman-pasuk-kameloh/,deskriptif/objek_wisata/taman_pasuk_kameloh.pdf,documents/deskriptif/objek_wisata/taman_pasuk_kameloh.pdf,318315c10831f9d34476268249d348629585cccdddbb9043cb18a5edf04e3ed8,2455,,ya
deskriptif__objek_wisata__danau_tahai,Danau Tahai,pdf,deskriptif,objek_wisata,post,2025-01-21,https://disparbudpora.palangkaraya.go.id/danau-tahai-2/,deskriptif/objek_wisata/danau_tahai_2.pdf,documents/deskriptif/objek_wisata/danau_tahai.pdf,0ffbab5ee4163afb3a1d775300fa4c43c98969877c9e9043dedd9973ca4b7f17,2533,,ya
deskriptif__objek_wisata__agrowisata_kebun_buah_misik,Agrowisata Kebun Buah Misik,pdf,deskriptif,objek_wisata,post,2024-10-24,https://disparbudpora.palangkaraya.go.id/agrowisata-kebun-buah-misik/,deskriptif/objek_wisata/agrowisata_kebun_buah_misik.pdf,documents/deskriptif/objek_wisata/agrowisata_kebun_buah_misik.pdf,97a2b669090ccfaac2fa3d730946c339ea29f86ce25211ad441638989d22e60f,2835,,ya
deskriptif__objek_wisata__5528_2,5528-2,pdf,deskriptif,objek_wisata,post,2024-10-22,https://disparbudpora.palangkaraya.go.id/5528-2/,deskriptif/objek_wisata/5528_2.pdf,documents/deskriptif/objek_wisata/5528_2.pdf,cf9a1a31403c193a77c690c146b99d4d630ec64b65ef95da22500c8790731228,2753,,ya
deskriptif__objek_wisata__museum_balanga,Museum Balanga,pdf,deskriptif,objek_wisata,post,2024-10-14,https://disparbudpora.palangkaraya.go.id/museum-balanga/,deskriptif/objek_wisata/museum_balanga.pdf,documents/deskriptif/objek_wisata/museum_balanga.pdf,7a183f5672250eff4bc6479c0efbd6a64d03965bb39aa452f9b6ac8f8247be78,2782,,ya
deskriptif__objek_wisata__taman_wisata_tangkiling,Taman Wisata Tangkiling,pdf,deskriptif,objek_wisata,post,2024-08-15,https://disparbudpora.palangkaraya.go.id/taman-wisata-tangkiling/,deskriptif/objek_wisata/taman_wisata_tangkiling.pdf,documents/deskriptif/objek_wisata/taman_wisata_tangkiling.pdf,71f8974d4afba4365e0ed91e6bb608c6d16d2e499bcc53fe03557700c1cfcea2,2686,,ya
deskriptif__objek_wisata__matan_andau_resort,Matan Andau Resort,pdf,deskriptif,objek_wisata,post,2024-08-14,https://disparbudpora.palangkaraya.go.id/matan-andau-resort/,deskriptif/objek_wisata/matan_andau_resort.pdf,documents/deskriptif/objek_wisata/matan_andau_resort.pdf,760e993bfcf9c03f81ee03e16e28a96dc8ed12ba5794778a4c32ac985aead7db,3272,,ya
deskriptif__objek_wisata__arboretum_nyaru_menteng,Arboretum Nyaru Menteng,pdf,deskriptif,objek_wisata,post,2024-08-13,https://disparbudpora.palangkaraya.go.id/arboretum-nyaru-menteng-2/,deskriptif/objek_wisata/arboretum_nyaru_menteng_2.pdf,documents/deskriptif/objek_wisata/arboretum_nyaru_menteng.pdf,c8a2c2c215cd3e8b420a37ebb5dfa8362fce5779a0af62fef5491478080382aa,2612,,ya
deskriptif__objek_wisata__pulau_kaja,Pulau Kaja,pdf,deskriptif,objek_wisata,post,2024-08-12,https://disparbudpora.palangkaraya.go.id/pulau-kaja/,deskriptif/objek_wisata/pulau_kaja.pdf,documents/deskriptif/objek_wisata/pulau_kaja.pdf,0fe02f9c7d4c96c998df3f96f1714a53649e919201b440f464e4bac097fe1f41,2742,,ya
deskriptif__objek_wisata__wisata_sei_gohong,Wisata Sei Gohong,pdf,deskriptif,objek_wisata,post,2024-08-07,https://disparbudpora.palangkaraya.go.id/5450-2/,deskriptif/objek_wisata/5450_2.pdf,documents/deskriptif/objek_wisata/wisata_sei_gohong.pdf,796dacb8fb1fbac078c004314db3dc4377e7f6e9f2c4e170499a9bca588dc759,2588,,ya
deskriptif__objek_wisata__kereng_bangkirai,Kereng Bangkirai,pdf,deskriptif,objek_wisata,post,2024-08-06,https://disparbudpora.palangkaraya.go.id/kereng-bangkirai/,deskriptif/objek_wisata/kereng_bangkirai.pdf,documents/deskriptif/objek_wisata/kereng_bangkirai.pdf,3663a9be2aba712a8116a1fc01f57c4cffeea610cd342538c5e3f9c662aab75f,2798,,ya
deskriptif__artikel_dan_berita__final_pemilihan_putra_putri_pariwisata_palangka_raya_tahun_2024,Final Pemilihan Putra Putri Pariwisata Palangka Raya Tahun 2024,pdf,deskriptif,artikel_dan_berita,post,2024-07-22,https://disparbudpora.palangkaraya.go.id/final-pemilihan-putra-putri-pariwisata-palangka-raya-tahun-2024/,deskriptif/artikel_dan_berita_pariwisata/final_pemilihan_putra_putri_pariwisata_palangka_raya_tahun_2024.pdf,documents/deskriptif/artikel_dan_berita/final_pemilihan_putra_putri_pariwisata_palangka_raya_tahun_2024.pdf,6ea3de1544241d9fdccece970da378e398e2ba4fe0e25fae01b449f59f2adff3,2428,,ya
deskriptif__artikel_dan_berita__bantu_kereng_bangkirai_maju_di_kompetisi_obyek_wisata_se_indonesia,Bantu Kereng Bangkirai Maju di Kompetisi Obyek Wisata Se-Indonesia,pdf,deskriptif,artikel_dan_berita,post,2023-03-30,https://disparbudpora.palangkaraya.go.id/bantu-kereng-bangkirai-maju-di-kompetisi-obyek-wisata-se-indonesia/,deskriptif/artikel_dan_berita_pariwisata/bantu_kereng_bangkirai_maju_di_kompetisi_obyek_wisata_se_indonesia.pdf,documents/deskriptif/artikel_dan_berita/bantu_kereng_bangkirai_maju_di_kompetisi_obyek_wisata_se_indonesia.pdf,d6cadcddb0a60d0e67b1a3a78cc0333c1cd056faa3366e9ecc3a08474c7706e7,2372,,ya
deskriptif__artikel_dan_berita__pemilihan_putra_putri_pariwisata_kota_palangka_raya_tahun_2023,Pemilihan Putra Putri Pariwisata Kota Palangka Raya Tahun 2023,pdf,deskriptif,artikel_dan_berita,post,2023-03-24,https://disparbudpora.palangkaraya.go.id/pemilihan-putra-putri-pariwisata-kota-palangka-raya-tahun-2023/,deskriptif/artikel_dan_berita_pariwisata/pemilihan_putra_putri_pariwisata_kota_palangka_raya_tahun_2023.pdf,documents/deskriptif/artikel_dan_berita/pemilihan_putra_putri_pariwisata_kota_palangka_raya_tahun_2023.pdf,ba91d12bd9f9dda6f0ed3f6b4cc62ec384076cc07cfc01d6378de3e78e989274,3460,,ya
deskriptif__artikel_dan_berita__putra_putri_parawisata_sambut_peserta_raker_apeksi_regional_kalimantan,Putra Putri Parawisata Sambut Peserta RAKER APEKSI Regional Kalimantan,pdf,deskriptif,artikel_dan_berita,post,2022-10-25,https://disparbudpora.palangkaraya.go.id/putra-putri-parawisata-sambuti-peserta-rapat-kerja-komwil-v-apeksi-regional-kalimantan/,deskriptif/artikel_dan_berita_pariwisata/putra_putri_parawisata_sambuti_peserta_rapat_kerja_komwil_v_apeksi_regional_kalimantan.pdf,documents/deskriptif/artikel_dan_berita/putra_putri_parawisata_sambut_peserta_raker_apeksi_regional_kalimantan.pdf,7bfb6b8e379ba6cc0f4d29bbe2dedb0e9c3cf710380abd83a06dcc1d2f858a7a,2182,,ya
deskriptif__artikel_dan_berita__pelatihan_pemasaran_parawisata_aparatur_sipil_negara_provinsi_kalimantan_tengah,Pelatihan Pemasaran Parawisata Aparatur Sipil Negara Provinsi Kalimantan Tengah,pdf,deskriptif,artikel_dan_berita,post,2022-10-25,https://disparbudpora.palangkaraya.go.id/pelatihan-pemasaran-parawisata-aparatur-sipil-negara-provinsi-kalimantang-tengah/,deskriptif/artikel_dan_berita_pariwisata/pelatihan_pemasaran_parawisata_aparatur_sipil_negara_provinsi_kalimantang_tengah.pdf,documents/deskriptif/artikel_dan_berita/pelatihan_pemasaran_parawisata_aparatur_sipil_negara_provinsi_kalimantan_tengah.pdf,7145123fa25e0e2860ab49807f3c807af02bc9ee4e521d517d7b349c31ee729b,2160,,ya
deskriptif__artikel_dan_berita__kunjungan_komisi_ii_dprd_kab_barito_kuala_di_wisata_air_hitam_kereng_bangkirai,Kunjungan Komisi II DPRD Kab Barito Kuala di Wisata Air Hitam Kereng Bangkirai,pdf,deskriptif,artikel_dan_berita,post,2022-10-14,https://disparbudpora.palangkaraya.go.id/kunjungan-komisi-ii-dprd-kab-barito-kuala-ke-wisata-air-hitam-kereng-bangkirai/,deskriptif/artikel_dan_berita_pariwisata/kunjungan_komisi_ii_dprd_kab_barito_kuala_ke_wisata_air_hitam_kereng_bangkirai.pdf,documents/deskriptif/artikel_dan_berita/kunjungan_komisi_ii_dprd_kab_barito_kuala_di_wisata_air_hitam_kereng_bangkirai.pdf,80a5309bdda76cead989e9db3cdd527a4dea242eb34ede7d28d250bb179fadf1,2285,,ya
deskriptif__artikel_dan_berita__sosialisasi_sadar_wisata_di_dermaga_kereng_bangkirai,Sosialisasi Sadar Wisata di Dermaga Kereng Bangkirai,pdf,deskriptif,artikel_dan_berita,post,2022-10-13,https://disparbudpora.palangkaraya.go.id/sosialisasi-sadar-wisata-di-dermaga-kereng-bangkirai/,deskriptif/artikel_dan_berita_pariwisata/sosialisasi_sadar_wisata_di_dermaga_kereng_bangkirai.pdf,documents/deskriptif/artikel_dan_berita/sosialisasi_sadar_wisata_di_dermaga_kereng_bangkirai.pdf,c96813bdbde99f40f38887d5663f5981fe5b6171aef90e526c272197f5c97fdc,2070,,ya
deskriptif__artikel_dan_berita__kerja_bakti_di_pasar_kahayan_kota_palangka_raya,Kerja Bakti di Pasar Kahayan Kota Palangka Raya,pdf,deskriptif,artikel_dan_berita,post,2022-10-13,https://disparbudpora.palangkaraya.go.id/kerja-bakti-di-pasar-kahayan-kota-palangka-raya/,deskriptif/artikel_dan_berita_pariwisata/kerja_bakti_di_pasar_kahayan_kota_palangka_raya.pdf,documents/deskriptif/artikel_dan_berita/kerja_bakti_di_pasar_kahayan_kota_palangka_raya.pdf,8c59bcf1a6fe9475cb2bf805ed0a6150072009d0ffd629420053a5e3087f33d7,2072,,ya
deskriptif__artikel_dan_berita__persiapan_rakerwil_v_apeksi_kota_palangka_raya_di_kereng_bangkirai,Persiapan RAKERWIL V APEKSI Kota Palangka Raya di Kereng Bangkirai,pdf,deskriptif,artikel_dan_berita,post,2022-10-13,https://disparbudpora.palangkaraya.go.id/persiapan-rakerwil-v-apeksi-kota-palangka-raya-di-kereng-bangkirai/,deskriptif/artikel_dan_berita_pariwisata/persiapan_rakerwil_v_apeksi_kota_palangka_raya_di_kereng_bangkirai.pdf,documents/deskriptif/artikel_dan_berita/persiapan_rakerwil_v_apeksi_kota_palangka_raya_di_kereng_bangkirai.pdf,1bbf204c0847c9bfbf68b34d3f16b5bd18c164968b68f0e8876b0612b6d43691,2223,,ya
deskriptif__artikel_dan_berita__sungai_kahayan_sebagai_urat_nadi_perekonomian_masyarakat_kota_palangka_raya,SUNGAI KAHAYAN SEBAGAI URAT NADI PEREKONOMIAN MASYARAKAT KOTA PALANGKA RAYA,pdf,deskriptif,artikel_dan_berita,post,2022-07-15,https://disparbudpora.palangkaraya.go.id/menyusuri-palangkaraya-tempo-doeloe-di-bantaran-sungai-kahayan/,deskriptif/artikel_dan_berita_pariwisata/menyusuri_palangkaraya_tempo_doeloe_di_bantaran_sungai_kahayan.pdf,documents/deskriptif/artikel_dan_berita/sungai_kahayan_sebagai_urat_nadi_perekonomian_masyarakat_kota_palangka_raya.pdf,7918bf2bbe5a6fbc1d8f6266c3a9f65631e99be3721eea1aa7f1c56f7bf9c28f,3431,,ya
deskriptif__objek_wisata__gelar_seni_budaya_meriahkan_hut_pemerintah_kota_palangka_raya,Gelar Seni Budaya Meriahkan HUT Pemerintah Kota Palangka Raya,pdf,deskriptif,objek_wisata,post,2022-06-19,https://disparbudpora.palangkaraya.go.id/gelar-seni-budaya-meriahkan-hut-pemerintah-kota-palangka-raya/,deskriptif/objek_wisata/gelar_seni_budaya_meriahkan_hut_pemerintah_kota_palangka_raya.pdf,documents/deskriptif/objek_wisata/gelar_seni_budaya_meriahkan_hut_pemerintah_kota_palangka_raya.pdf,25d54251814829dbb14eeb503a07a14959ae85d58f32a229d3f116909837b019,2992,,ya
deskriptif__objek_wisata__hadiri_dan_saksikan_gelar_seni_budaya,Hadiri dan Saksikan Gelar Seni Budaya,pdf,deskriptif,objek_wisata,post,2022-06-18,https://disparbudpora.palangkaraya.go.id/hadiri-dan-saksikan-gelar-seni-budaya/,deskriptif/objek_wisata/hadiri_dan_saksikan_gelar_seni_budaya.pdf,documents/deskriptif/objek_wisata/hadiri_dan_saksikan_gelar_seni_budaya.pdf,4b2095bb0ee715cbccfd5b9bbba48042ed67d76640cab5751a95806df7f16e1e,2113,,ya
deskriptif__objek_wisata__walikota_lepas_atlet_popprov_2022,WALIKOTA LEPAS ATLET POPPROV 2022,pdf,deskriptif,objek_wisata,post,2022-06-18,https://disparbudpora.palangkaraya.go.id/walikota-lepas-atlet-popprov-2022/,deskriptif/objek_wisata/walikota_lepas_atlet_popprov_2022.pdf,documents/deskriptif/objek_wisata/walikota_lepas_atlet_popprov_2022.pdf,1df61949bc1bee5dc35d426d7a90473d9b4e9770ec99d6b9b4e2995438eb1449,2820,,ya
deskriptif__objek_wisata__disparbudpora_pelihara_cagar_budaya_di_kota_palangka_raya,DISPARBUDPORA PELIHARA CAGAR BUDAYA DI KOTA PALANGKA RAYA,pdf,deskriptif,objek_wisata,post,2022-06-17,https://disparbudpora.palangkaraya.go.id/disparbudpora-pelihara-cagar-budaya-di-kota-palangka-raya/,deskriptif/objek_wisata/disparbudpora_pelihara_cagar_budaya_di_kota_palangka_raya.pdf,documents/deskriptif/objek_wisata/disparbudpora_pelihara_cagar_budaya_di_kota_palangka_raya.pdf,40a0eb05548cc0eb2d1f6487b74282a24b00fae3542753145469eef97cf6b3d4,3164,,ya
deskriptif__objek_wisata__plt_kadis_parbudpora_purna_tugas,PLT KADIS PARBUDPORA PURNA TUGAS,pdf,deskriptif,objek_wisata,post,2022-06-02,https://disparbudpora.palangkaraya.go.id/plt-kadis-parbudpora-purna-tugas/,deskriptif/objek_wisata/plt_kadis_parbudpora_purna_tugas.pdf,documents/deskriptif/objek_wisata/plt_kadis_parbudpora_purna_tugas.pdf,8e7a54c820e974cb0b75700542d84fe18c2b42b035a2b51e7def7ae53f5905f4,2954,,ya
deskriptif__objek_wisata__kontingen_kota_palangka_raya_raih_juara_umum,KONTINGEN KOTA PALANGKA RAYA RAIH JUARA UMUM,pdf,deskriptif,objek_wisata,post,2022-05-23,https://disparbudpora.palangkaraya.go.id/kontingen-kota-palangka-raya-raih-juara-umum/,deskriptif/objek_wisata/kontingen_kota_palangka_raya_raih_juara_umum.pdf,documents/deskriptif/objek_wisata/kontingen_kota_palangka_raya_raih_juara_umum.pdf,5d9c36203b232cbc2ab49d6ea77cbec88d3508cf6adcebd0021a7ab240c67af9,2740,,ya
deskriptif__objek_wisata__tim_sepak_sawut_palangka_raya_unggul,TIM SEPAK SAWUT PALANGKA RAYA UNGGUL,pdf,deskriptif,objek_wisata,post,2022-05-19,https://disparbudpora.palangkaraya.go.id/tim-sepak-sawut-palangka-raya-unggul/,deskriptif/objek_wisata/tim_sepak_sawut_palangka_raya_unggul.pdf,documents/deskriptif/objek_wisata/tim_sepak_sawut_palangka_raya_unggul.pdf,028dc881d454bb1f89082ded791fabaa7b6e85d84a80865af2e13781c8de14c8,3249,,ya
deskriptif__objek_wisata__kontingen_palangka_raya_ikut_meriahkan_pawai_budaya_isen_mulang,Kontingen Palangka Raya Ikut Meriahkan Pawai Budaya Isen Mulang,pdf,deskriptif,objek_wisata,post,2022-05-17,https://disparbudpora.palangkaraya.go.id/kontingen-palangka-raya-ikut-meriahkan-pawai-budaya-isen-mulang/,deskriptif/objek_wisata/kontingen_palangka_raya_ikut_meriahkan_pawai_budaya_isen_mulang.pdf,documents/deskriptif/objek_wisata/kontingen_palangka_raya_ikut_meriahkan_pawai_budaya_isen_mulang.pdf,fbb6ccc9150f4e59a853e210de8ad1b65d6e9e086590bc8b176c74a4b7c0ff4f,2835,,ya
deskriptif__objek_wisata__motoprix_region_c_kalimantan_putaran_2_walikota_cup_2022,Motoprix Region C Kalimantan Putaran 2 Walikota Cup 2022,pdf,deskriptif,objek_wisata,post,2022-05-09,https://disparbudpora.palangkaraya.go.id/motoprix-region-c-kalimantan-putaran-2-walikota-cup-2022/,deskriptif/objek_wisata/motoprix_region_c_kalimantan_putaran_2_walikota_cup_2022.pdf,documents/deskriptif/objek_wisata/motoprix_region_c_kalimantan_putaran_2_walikota_cup_2022.pdf,104be43d2c17681fce064ba28aa4993732342560188ec504933ac0eab27b4d02,2221,,ya
deskriptif__objek_wisata__danau_hanjalutung,DANAU HANJALUTUNG,pdf,deskriptif,objek_wisata,post,2022-03-18,https://disparbudpora.palangkaraya.go.id/danau-hanjalutung/,deskriptif/objek_wisata/danau_hanjalutung.pdf,documents/deskriptif/objek_wisata/danau_hanjalutung.pdf,ceccdde5d36d71d18a0df4d3985776c7b494706ff3997654127f55becb99bfdd,2791,,ya
deskriptif__objek_wisata__betang_mandala_wisata_eka_tingang_nganderang,BETANG MANDALA WISATA (EKA TINGANG NGANDERANG),pdf,deskriptif,objek_wisata,post,2022-03-18,https://disparbudpora.palangkaraya.go.id/betang-mandala-wisata-eka-tingang-nganderang/,deskriptif/objek_wisata/betang_mandala_wisata_eka_tingang_nganderang.pdf,documents/deskriptif/objek_wisata/betang_mandala_wisata_eka_tingang_nganderang.pdf,7b2d1e312ee6a3f9381f19fbc5f1aaf44503628c5a0c93adc311203e647baf37,3070,,ya
deskriptif__objek_wisata__pasar_blauran_pasar_besar,PASAR BLAURAN/PASAR BESAR,pdf,deskriptif,objek_wisata,post,2022-03-18,https://disparbudpora.palangkaraya.go.id/pasar-blauran-pasar-besar/,deskriptif/objek_wisata/pasar_blauran_pasar_besar.pdf,documents/deskriptif/objek_wisata/pasar_blauran_pasar_besar.pdf,d817475986ccbc2ff149a99e2d7f5421692061edd034dcf9b34ac98bdafa556c,3125,,ya
deskriptif__objek_wisata__desa_wisata_kanarakan,DESA WISATA KANARAKAN,pdf,deskriptif,objek_wisata,post,2022-03-17,https://disparbudpora.palangkaraya.go.id/desa-wisata-kanarakan-2/,deskriptif/objek_wisata/desa_wisata_kanarakan_2.pdf,documents/deskriptif/objek_wisata/desa_wisata_kanarakan.pdf,a860f1e2eff6048ff3e0af943bcd4e6d1cb44e430e812a813d5239dc6bad471d,2808,,ya
deskriptif__objek_wisata__arboretum_nyaru_menteng_02,ARBORETUM NYARU MENTENG,pdf,deskriptif,objek_wisata,post,2022-03-17,https://disparbudpora.palangkaraya.go.id/arboretum-nyaru-menteng/,deskriptif/objek_wisata/arboretum_nyaru_menteng.pdf,documents/deskriptif/objek_wisata/arboretum_nyaru_menteng_02.pdf,a21649b49061da58d2e4477008e268a2c069ad0e9cc32fe31d32d45fe9768f6b,2909,,ya
deskriptif__objek_wisata__danau_tahai_02,DANAU TAHAI,pdf,deskriptif,objek_wisata,post,2022-03-17,https://disparbudpora.palangkaraya.go.id/danau-tahai/,deskriptif/objek_wisata/danau_tahai.pdf,documents/deskriptif/objek_wisata/danau_tahai_02.pdf,e82c18aa1de46c245bd593fc722be47e0600c3d598c84cb4b27f7c630fd4e1c8,2993,,ya
deskriptif__objek_wisata__pemancingan_anugerah,PEMANCINGAN ANUGERAH,pdf,deskriptif,objek_wisata,post,2022-03-09,https://disparbudpora.palangkaraya.go.id/pemancingan-anugerah/,deskriptif/objek_wisata/pemancingan_anugerah.pdf,documents/deskriptif/objek_wisata/pemancingan_anugerah.pdf,69701a6045f7472e58cb1cb9325982f312ac88b7d838d13ab0e23a56adfe2ae8,2789,,ya
deskriptif__objek_wisata__taman_wisata_alam_bukit_tangkiling,TAMAN WISATA ALAM BUKIT TANGKILING,pdf,deskriptif,objek_wisata,post,2022-03-09,https://disparbudpora.palangkaraya.go.id/taman-wisata-alam-bukit-tangkiling/,deskriptif/objek_wisata/taman_wisata_alam_bukit_tangkiling.pdf,documents/deskriptif/objek_wisata/taman_wisata_alam_bukit_tangkiling.pdf,18e5866e024d0252bc2dd3a677d1b247c3165d13aa9cd6ae8abddbe83c66cbfe,3225,,ya
deskriptif__objek_wisata__wisata_kum_kum,WISATA KUM-KUM,pdf,deskriptif,objek_wisata,post,2022-03-09,https://disparbudpora.palangkaraya.go.id/wisata-kum-kum/,deskriptif/objek_wisata/wisata_kum_kum.pdf,documents/deskriptif/objek_wisata/wisata_kum_kum.pdf,f66fa4e905b15ad4a11b63358ac04f095cc2b8d333d82181a7da382444149029,2565,,ya
deskriptif__objek_wisata__telok_kaja,TELOK KAJA,pdf,deskriptif,objek_wisata,post,2022-02-24,https://disparbudpora.palangkaraya.go.id/telok-kaja/,deskriptif/objek_wisata/telok_kaja.pdf,documents/deskriptif/objek_wisata/telok_kaja.pdf,5b54a3e56d37a8d8b93e25ea6b036012cd2cefe46da532b71e85e831dfa60668,3320,,ya
deskriptif__objek_wisata__pura_sali_paseban_batu,PURA SALI PASEBAN BATU,pdf,deskriptif,objek_wisata,post,2022-02-23,https://disparbudpora.palangkaraya.go.id/pura-sali-paseban-batu/,deskriptif/objek_wisata/pura_sali_paseban_batu.pdf,documents/deskriptif/objek_wisata/pura_sali_paseban_batu.pdf,e2a277f82fb6bd49060ca491ea1571e44e8e0662a0f56c0f4f5a3672d3cdaa9b,2698,,ya
deskriptif__objek_wisata__batu_banama_bukit_tangkiling,BATU BANAMA BUKIT TANGKILING,pdf,deskriptif,objek_wisata,post,2022-02-23,https://disparbudpora.palangkaraya.go.id/batu-banama-bukit-tangkiling/,deskriptif/objek_wisata/batu_banama_bukit_tangkiling.pdf,documents/deskriptif/objek_wisata/batu_banama_bukit_tangkiling.pdf,5ed423df6499d2f583027a39460172def1e26346d413f8dfef58bd0c55c7def4,3204,,ya
deskriptif__objek_wisata__sei_batu,SEI BATU,pdf,deskriptif,objek_wisata,post,2022-02-23,https://disparbudpora.palangkaraya.go.id/sei-batu/,deskriptif/objek_wisata/sei_batu.pdf,documents/deskriptif/objek_wisata/sei_batu.pdf,4f360089e5b9f6965a9517efe08d0e24d8bb5b5312bf8e123a20a0d0771d2f81,3010,,ya
deskriptif__objek_wisata__manasa_agrowisata_bukit_buhis,MANASA AGROWISATA/BUKIT BUHIS,pdf,deskriptif,objek_wisata,post,2022-02-23,https://disparbudpora.palangkaraya.go.id/manasa-agrowisata-bukit-buhis/,deskriptif/objek_wisata/manasa_agrowisata_bukit_buhis.pdf,documents/deskriptif/objek_wisata/manasa_agrowisata_bukit_buhis.pdf,2b1cbc50ccba964098f10011372e6347e96854b516bac800492c3799c4c3357f,2214,,ya
deskriptif__objek_wisata__kalimantan_hutan_itah_kahui,KALIMANTAN HUTAN ITAH (KAHUI),pdf,deskriptif,objek_wisata,post,2022-02-23,https://disparbudpora.palangkaraya.go.id/kalimantan-hutan-itah/,deskriptif/objek_wisata/kalimantan_hutan_itah.pdf,documents/deskriptif/objek_wisata/kalimantan_hutan_itah_kahui.pdf,8fe228147b7c93d3c1f2eaf842a57018340ece0f728401a00309045716b781aa,2299,,ya
deskriptif__artikel_dan_berita__pemilihan_putra_putri_pariwisata_kota_palangka_raya_tahun_2022,Pemilihan Putra Putri Pariwisata kota Palangka Raya Tahun 2022,pdf,deskriptif,artikel_dan_berita,post,2022-02-17,https://disparbudpora.palangkaraya.go.id/pemilihan-putra-putri-pariwisata-kota-palangka-raya-tahun-2022/,deskriptif/artikel_dan_berita_pariwisata/pemilihan_putra_putri_pariwisata_kota_palangka_raya_tahun_2022.pdf,documents/deskriptif/artikel_dan_berita/pemilihan_putra_putri_pariwisata_kota_palangka_raya_tahun_2022.pdf,34ce775ee243225386399b533d73f21090ad59a2754568479e6466aa9f955f2f,3398,,ya
deskriptif__objek_wisata__sandung_bawi_kuwu,Sandung Bawi Kuwu,pdf,deskriptif,objek_wisata,post,2022-02-15,https://disparbudpora.palangkaraya.go.id/sandung-bawu-kuwu/,deskriptif/objek_wisata/sandung_bawu_kuwu.pdf,documents/deskriptif/objek_wisata/sandung_bawi_kuwu.pdf,bf8b4d00cea0d8c238e8afe6851ac379ba8c5c6bf310d29ecb8a8431f7da4b1e,2875,,ya
deskriptif__objek_wisata__hutan_pendidikan_mungku_baru,Hutan Pendidikan Mungku Baru,pdf,deskriptif,objek_wisata,post,2022-02-15,https://disparbudpora.palangkaraya.go.id/hutan-pendidikan-hutan-ulin-mungku-baru/,deskriptif/objek_wisata/hutan_pendidikan_hutan_ulin_mungku_baru.pdf,documents/deskriptif/objek_wisata/hutan_pendidikan_mungku_baru.pdf,2c7d3d4af427526d8007337ac37a782633a91acb0c5ca9c46f96fd1276e0cdf3,3031,,ya
deskriptif__artikel_dan_berita__launching_reaktivasi_kawasan_wisata_kereng_bangkirai,Launching Reaktivasi Kawasan Wisata Kereng Bangkirai,pdf,deskriptif,artikel_dan_berita,post,2020-08-18,https://disparbudpora.palangkaraya.go.id/launching-reaktivasi-kawasan-wisata-kereng-bangkirai/,deskriptif/artikel_dan_berita_pariwisata/launching_reaktivasi_kawasan_wisata_kereng_bangkirai.pdf,documents/deskriptif/artikel_dan_berita/launching_reaktivasi_kawasan_wisata_kereng_bangkirai.pdf,34b384ba9b1ba443b2e21c124a5388002e20caace3ca5579fbc79eaa41caf5a0,3532,,ya
deskriptif__artikel_dan_berita__pencanangan_3_tiga_destinasi_pariwisata_unggulan_kota_palangka_raya,Pencanangan 3 (tiga) Destinasi Pariwisata Unggulan Kota Palangka Raya,pdf,deskriptif,artikel_dan_berita,post,2019-12-19,https://disparbudpora.palangkaraya.go.id/pencanangan-3-tiga-destinasi-pariwisata-unggulan-kota-palangka-raya/,deskriptif/artikel_dan_berita_pariwisata/pencanangan_3_tiga_destinasi_pariwisata_unggulan_kota_palangka_raya.pdf,documents/deskriptif/artikel_dan_berita/pencanangan_3_tiga_destinasi_pariwisata_unggulan_kota_palangka_raya.pdf,23213271ce10d9cbf5d27ac8f7604afae2651233065882e1ebce29db2565992f,3612,,ya
deskriptif__artikel_dan_berita__walikota_palangka_raya_membuka_kegiatan_pelatihan_pemandu_wisata_alam_pedesaan_perkotaan_tahun_2019,Walikota Palangka Raya Membuka Kegiatan Pelatihan Pemandu Wisata Alam Pedesaan Perkotaan tahun 2019,pdf,deskriptif,artikel_dan_berita,post,2019-10-09,https://disparbudpora.palangkaraya.go.id/walikota-palangka-raya-membuka-kegiatan-pelatihan-pemandu-wisata-alam-pedesaan-perkotaan-tahun-2019/,deskriptif/artikel_dan_berita_pariwisata/walikota_palangka_raya_membuka_kegiatan_pelatihan_pemandu_wisata_alam_pedesaan_perkotaan_tahun_2019.pdf,documents/deskriptif/artikel_dan_berita/walikota_palangka_raya_membuka_kegiatan_pelatihan_pemandu_wisata_alam_pedesaan_perkotaan_tahun_2019.pdf,29989650d42ec97653601add955cad06beaf17c1e6596d7a4b21f7e10d145c9b,3657,,ya
deskriptif__artikel_dan_berita__wakil_walikota_palangka_raya_resmi_buka_pelatihan_tata_kelola_destinasi_pariwisata,Wakil Walikota Palangka Raya Resmi Buka Pelatihan Tata Kelola Destinasi Pariwisata,pdf,deskriptif,artikel_dan_berita,post,2019-10-01,https://disparbudpora.palangkaraya.go.id/wakil-walikota-palangka-raya-resmi-buka-pelatihan-tata-kelola-destinasi-pariwisata/,deskriptif/artikel_dan_berita_pariwisata/wakil_walikota_palangka_raya_resmi_buka_pelatihan_tata_kelola_destinasi_pariwisata.pdf,documents/deskriptif/artikel_dan_berita/wakil_walikota_palangka_raya_resmi_buka_pelatihan_tata_kelola_destinasi_pariwisata.pdf,cab07d5d312661f5e564443eaa77d3b7a54013d156e884a04e6f0f62e0349dbb,3530,,ya
deskriptif__artikel_dan_berita__luar_biasa_desa_wisata_kereng_bangkirai_dalam_indonesia_sustainable_tourism_award_ista_2019,Luar Biasa Desa Wisata Kereng Bangkirai dalam Indonesia Sustainable Tourism Award (ISTA) 2019,pdf,deskriptif,artikel_dan_berita,post,2019-09-27,https://disparbudpora.palangkaraya.go.id/luar-biasa-desa-wisata-kereng-bangkirai-dalam-indonesia-sustainable-tourism-award-ista-2019/,deskriptif/artikel_dan_berita_pariwisata/luar_biasa_desa_wisata_kereng_bangkirai_dalam_indonesia_sustainable_tourism_award_ista_2019.pdf,documents/deskriptif/artikel_dan_berita/luar_biasa_desa_wisata_kereng_bangkirai_dalam_indonesia_sustainable_tourism_award_ista_2019.pdf,84f0cb81950aa921429695a9a6328e48cc7fcf6bf2b681808ab2cfd0f6c540f2,4254,,ya
deskriptif__artikel_dan_berita__puncak_hut_kota_cantik_palangka_raya,Puncak HUT Kota Cantik Palangka Raya,pdf,deskriptif,artikel_dan_berita,post,2019-08-05,https://disparbudpora.palangkaraya.go.id/puncak-hut-kota-cantik-palangka-raya/,deskriptif/artikel_dan_berita_pariwisata/puncak_hut_kota_cantik_palangka_raya.pdf,documents/deskriptif/artikel_dan_berita/puncak_hut_kota_cantik_palangka_raya.pdf,a5072d9ff92e66425b99f59590aba85cd176c2c5ce0a8180a0af4d819680eeb6,3661,,ya
deskriptif__artikel_dan_berita__pelatihan_pemandu_wisata_alam_ekowisata,Pelatihan Pemandu Wisata Alam Ekowisata,pdf,deskriptif,artikel_dan_berita,post,2019-07-17,https://disparbudpora.palangkaraya.go.id/pelatihan-pemandu-wisata-alam-ekowisata/,deskriptif/artikel_dan_berita_pariwisata/pelatihan_pemandu_wisata_alam_ekowisata.pdf,documents/deskriptif/artikel_dan_berita/pelatihan_pemandu_wisata_alam_ekowisata.pdf,c4f521ed9d7f7e98082bf6fe9a1dde2e9732997bf18b0930d045c159983e0507,3319,,ya
deskriptif__event_pariwisata__kontingen_kota_palangka_raya_siap_menuju_festival_budaya_isen_mulang_2019,Kontingen Kota Palangka Raya Siap Menuju Festival Budaya Isen Mulang 2019,pdf,deskriptif,event_pariwisata,post,2019-06-17,https://disparbudpora.palangkaraya.go.id/kontingan-kota-palangka-raya-siap-menuju-festival-budaya-isen-mulang-2019/,deskriptif/event_pariwisata/kontingan_kota_palangka_raya_siap_menuju_festival_budaya_isen_mulang_2019.pdf,documents/deskriptif/event_pariwisata/kontingen_kota_palangka_raya_siap_menuju_festival_budaya_isen_mulang_2019.pdf,7ec67512cdea7cb8426ed3f463a0766af63229b45d732b569a2cf169305edc73,3393,,ya
deskriptif__event_pariwisata__penutupan_festival_palangka_dan_pemilihan_putra_putri_pariwisata_kota_palangka_raya_tahun_2019,Penutupan Festival Palangka dan Pemilihan Putra Putri Pariwisata Kota Palangka Raya Tahun 2019,pdf,deskriptif,event_pariwisata,post,2019-04-29,https://disparbudpora.palangkaraya.go.id/penutupan-festival-palangka-dan-pemilihan-putra-putri-pariwisata-kota-palangka-raya-tahun-2019/,deskriptif/event_pariwisata/penutupan_festival_palangka_dan_pemilihan_putra_putri_pariwisata_kota_palangka_raya_tahun_2019.pdf,documents/deskriptif/event_pariwisata/penutupan_festival_palangka_dan_pemilihan_putra_putri_pariwisata_kota_palangka_raya_tahun_2019.pdf,527fc2404f6b7a6d120cd1e44c8cfab0064293a05e7e2fc178ce570566b7929c,3569,,ya
deskriptif__event_pariwisata__festival_palangka_dan_pemilihan_putra_putri_pariwisata_kota_palangka_raya_tahun_2019_resmi_dibuka,Festival Palangka dan Pemilihan Putra Putri Pariwisata Kota Palangka Raya Tahun 2019 Resmi Dibuka,pdf,deskriptif,event_pariwisata,post,2019-04-22,https://disparbudpora.palangkaraya.go.id/festival-palangka-dan-pemilihan-putra-putri-pariwisata-kota-palangka-raya-tahun-2019-resmi-dibuka/,deskriptif/event_pariwisata/festival_palangka_dan_pemilihan_putra_putri_pariwisata_kota_palangka_raya_tahun_2019_resmi_dibuka.pdf,documents/deskriptif/event_pariwisata/festival_palangka_dan_pemilihan_putra_putri_pariwisata_kota_palangka_raya_tahun_2019_resmi_dibuka.pdf,5af372600ea3043387d015d3461ecd83639894cea76d11f74051a9a105a4820c,3504,,ya
deskriptif__artikel_dan_berita__dua_situs_cagar_budaya_di_kelurahan_mungku_baru,Dua Situs Cagar Budaya di Kelurahan Mungku Baru,pdf,deskriptif,artikel_dan_berita,post,2019-02-21,https://disparbudpora.palangkaraya.go.id/dua-situs-cagar-budaya-di-kelurahan-mungku-baru/,deskriptif/artikel_dan_berita_pariwisata/dua_situs_cagar_budaya_di_kelurahan_mungku_baru.pdf,documents/deskriptif/artikel_dan_berita/dua_situs_cagar_budaya_di_kelurahan_mungku_baru.pdf,949e1796d632e1714f99c3263bd1a4be9a25fa94a2146dd23275ecdef824c792,3858,,ya
deskriptif__artikel_dan_berita__kepala_dinas_kebudayaan_dan_pariwisata_kunjungi_kawasan_petik_buah_kameluh_misik_di_kel_kameluh_baru,Kepala Dinas Kebudayaan dan Pariwisata Kunjungi Kawasan Petik Buah Kameluh Misik di Kel. Kameluh Baru,pdf,deskriptif,artikel_dan_berita,post,2019-02-20,https://disparbudpora.palangkaraya.go.id/kepala-dinas-kebudayaan-dan-pariwisata-kunjungi-kawasan-petik-buah-kameluh-misik-di-kel-kameluh-baru/,deskriptif/artikel_dan_berita_pariwisata/kepala_dinas_kebudayaan_dan_pariwisata_kunjungi_kawasan_petik_buah_kameluh_misik_di_kel_kameluh_baru.pdf,documents/deskriptif/artikel_dan_berita/kepala_dinas_kebudayaan_dan_pariwisata_kunjungi_kawasan_petik_buah_kameluh_misik_di_kel_kameluh_baru.pdf,cd04829aedbaeb575d05c3db855684294f115c4402aac4fe489faac1fd8b4032,3547,,ya
deskriptif__artikel_dan_berita__bus_rapid_transit_brt_mudahkan_wisatawan_ke_objek_wisata,Bus Rapid Transit (BRT) Mudahkan Wisatawan Ke Objek Wisata,pdf,deskriptif,artikel_dan_berita,post,2019-02-14,https://disparbudpora.palangkaraya.go.id/bus-rapid-transit-brt-mudahkan-wisatawan-ke-objek-wisata/,deskriptif/artikel_dan_berita_pariwisata/bus_rapid_transit_brt_mudahkan_wisatawan_ke_objek_wisata.pdf,documents/deskriptif/artikel_dan_berita/bus_rapid_transit_brt_mudahkan_wisatawan_ke_objek_wisata.pdf,8e08a16bedc16e53279d9db40f22fdda15c0d89bbd95ab0517e390d2a1f324df,3785,,ya
deskriptif__artikel_dan_berita__walikota_palangka_raya_meninjau_kebun_agrowisata_terpadu,Walikota Palangka Raya Meninjau Kebun Agrowisata Terpadu,pdf,deskriptif,artikel_dan_berita,post,2019-02-13,https://disparbudpora.palangkaraya.go.id/walikota-palangka-raya-meninjau-kebun-agrowisata-terpadu/,deskriptif/artikel_dan_berita_pariwisata/walikota_palangka_raya_meninjau_kebun_agrowisata_terpadu.pdf,documents/deskriptif/artikel_dan_berita/walikota_palangka_raya_meninjau_kebun_agrowisata_terpadu.pdf,dc1048c5a3c41e0f2c7a1ae0e7b206e6e66bde531bde0c7ae9455c9b7d64ae51,3568,,ya
deskriptif__artikel_dan_berita__wakil_walikota_kunjungi_objek_wisata_sungai_batu_sei_gohong_bukit_batu,"Wakil Walikota Kunjungi Objek Wisata Sungai Batu, Sei Gohong Bukit Batu",pdf,deskriptif,artikel_dan_berita,post,2019-02-12,https://disparbudpora.palangkaraya.go.id/wakil-walikota-kunjungi-objek-wisata-sungai-batu-sei-gohong-bukit-batu/,deskriptif/artikel_dan_berita_pariwisata/wakil_walikota_kunjungi_objek_wisata_sungai_batu_sei_gohong_bukit_batu.pdf,documents/deskriptif/artikel_dan_berita/wakil_walikota_kunjungi_objek_wisata_sungai_batu_sei_gohong_bukit_batu.pdf,a7e18200b972510b1b82f70f27ff7fd49006451092f5101b615c3e30d0b0db82,3474,,ya
deskriptif__artikel_dan_berita__tiga_destinasi_wisata_teramai_kota_palangka_raya_tahun_2018,Tiga Destinasi Wisata Teramai Kota Palangka Raya tahun 2018,pdf,deskriptif,artikel_dan_berita,post,2018-12-17,https://disparbudpora.palangkaraya.go.id/tiga-destinasi-wisata-teramai-kota-palangka-raya-tahun-2018/,deskriptif/artikel_dan_berita_pariwisata/tiga_destinasi_wisata_teramai_kota_palangka_raya_tahun_2018.pdf,documents/deskriptif/artikel_dan_berita/tiga_destinasi_wisata_teramai_kota_palangka_raya_tahun_2018.pdf,7ed31537c43705914ae98da4d1dd24de2b96deb86faede332d021e17f1458ae1,3701,,ya
deskriptif__artikel_dan_berita__apa_itu_ripparda,Apa Itu RIPPARDA?,pdf,deskriptif,artikel_dan_berita,post,2018-12-16,https://disparbudpora.palangkaraya.go.id/apa-itu-ripparda/,deskriptif/artikel_dan_berita_pariwisata/apa_itu_ripparda.pdf,documents/deskriptif/artikel_dan_berita/apa_itu_ripparda.pdf,01bdaf9a8dbca7f04184cb6a95f05535cf66f8326005d39aa0a69c3e13785456,4293,,ya
deskriptif__artikel_dan_berita__spot_foto_baru_di_objek_wisata_dermaga_kereng_bangkirai,Spot Foto Baru Di Objek Wisata Dermaga Kereng Bangkirai,pdf,deskriptif,artikel_dan_berita,post,2018-12-16,https://disparbudpora.palangkaraya.go.id/spot-foto-baru-di-objek-wisata-dermaga-kereng-bangkirai/,deskriptif/artikel_dan_berita_pariwisata/spot_foto_baru_di_objek_wisata_dermaga_kereng_bangkirai.pdf,documents/deskriptif/artikel_dan_berita/spot_foto_baru_di_objek_wisata_dermaga_kereng_bangkirai.pdf,a03c620175c700294244807461d379862518ecdc625c86e354fb5696e849829b,3448,,ya
deskriptif__artikel_dan_berita__pentingnya_tanda_daftar_usaha_pariwisata_tdup_bagi_pengusaha_pariwisata,Pentingnya Tanda Daftar Usaha Pariwisata (TDUP) Bagi Pengusaha Pariwisata,pdf,deskriptif,artikel_dan_berita,post,2018-12-16,https://disparbudpora.palangkaraya.go.id/pentingnya-tanda-daftar-usaha-pariwisata-tdup-bagi-pengusaha-pariwisata/,deskriptif/artikel_dan_berita_pariwisata/pentingnya_tanda_daftar_usaha_pariwisata_tdup_bagi_pengusaha_pariwisata.pdf,documents/deskriptif/artikel_dan_berita/pentingnya_tanda_daftar_usaha_pariwisata_tdup_bagi_pengusaha_pariwisata.pdf,456d2676cffc303de440d1828a9f2934ace7695e9400f3492f2b74e9be02e7f0,4714,,ya
deskriptif__budaya_dan_cagar_budaya__tiga_tempat_bersejarah_di_palangka_raya,Tiga Tempat Bersejarah di Palangka Raya,pdf,deskriptif,budaya_dan_cagar_budaya,post,2018-12-13,https://disparbudpora.palangkaraya.go.id/tiga-tempat-bersejarah-di-palangka-raya/,deskriptif/budaya_dan_cagar_budaya/tiga_tempat_bersejarah_di_palangka_raya.pdf,documents/deskriptif/budaya_dan_cagar_budaya/tiga_tempat_bersejarah_di_palangka_raya.pdf,cc5acb6625c56dcaaf68b06a932e36b7698769506754476983edb4baeb647ee6,5262,,ya
deskriptif__artikel_dan_berita__menikmati_malam_di_cafe_terapung_sungai_kahayan,Menikmati Malam Di Cafe Terapung Sungai Kahayan,pdf,deskriptif,artikel_dan_berita,post,2018-12-12,https://disparbudpora.palangkaraya.go.id/menikmati-malam-di-cafe-terapung-sungai-kahayan/,deskriptif/artikel_dan_berita_pariwisata/menikmati_malam_di_cafe_terapung_sungai_kahayan.pdf,documents/deskriptif/artikel_dan_berita/menikmati_malam_di_cafe_terapung_sungai_kahayan.pdf,c3b4cbecf91ba5c6ab178aeb658535a763d2c957691624f16f18dae761d667aa,3853,,ya
deskriptif__artikel_dan_berita__pariwisata_goes_to_campus,Pariwisata Goes To Campus,pdf,deskriptif,artikel_dan_berita,post,2018-08-16,https://disparbudpora.palangkaraya.go.id/pariwisata-goes-to-campus/,deskriptif/artikel_dan_berita_pariwisata/pariwisata_goes_to_campus.pdf,documents/deskriptif/artikel_dan_berita/pariwisata_goes_to_campus.pdf,5a6a09a61be92acec5b22bf12f90ef9084e629b56f6854b0b5718a621e6fa87a,3674,,ya
deskriptif__event_pariwisata__fbim_2018_walikota_harapkan_kota_cantik_juara_umum,"FBIM 2018, Walikota Harapkan Kota Cantik Juara Umum",pdf,deskriptif,event_pariwisata,post,2018-05-01,https://disparbudpora.palangkaraya.go.id/fbim-2018-walikota-harapkan-kota-cantik-juara-umum/,deskriptif/event_pariwisata/fbim_2018_walikota_harapkan_kota_cantik_juara_umum.pdf,documents/deskriptif/event_pariwisata/fbim_2018_walikota_harapkan_kota_cantik_juara_umum.pdf,5595ddcb02de3e22b8db13445a299738685c1b25100931bb26418f7219379f52,3659,,ya
deskriptif__artikel_dan_berita__selamat_innocent_dan_claudia_putra_dan_putri_pariwisata_kota_tahun_2018,Selamat! Innocent dan Claudia Putra dan Putri Pariwisata Kota Tahun 2018,pdf,deskriptif,artikel_dan_berita,post,2018-04-04,https://disparbudpora.palangkaraya.go.id/innocent-dan-claudia-dinobatkan-putra-dan-putri-pariwisata-kota-2018/,deskriptif/artikel_dan_berita_pariwisata/innocent_dan_claudia_dinobatkan_putra_dan_putri_pariwisata_kota_2018.pdf,documents/deskriptif/artikel_dan_berita/selamat_innocent_dan_claudia_putra_dan_putri_pariwisata_kota_tahun_2018.pdf,303a150b022cd0781dab091d6c515b38bd2c990e75b1dd5496c545ec0bd152ad,4647,,ya
deskriptif__artikel_dan_berita__butuh_sinergi_mengedukasi_masyarakat_dan_wisatawan_memahami_pariwisata_bertanggung_jawab,Butuh Sinergi Mengedukasi Masyarakat dan Wisatawan Memahami Pariwisata Bertanggung Jawab,pdf,deskriptif,artikel_dan_berita,post,2017-12-06,https://disparbudpora.palangkaraya.go.id/bersinergi-untuk-mengedukasi-masyarakat-dan-wisatawan-dalam-memahami-pariwisata-bertanggung-jawab/,deskriptif/artikel_dan_berita_pariwisata/bersinergi_untuk_mengedukasi_masyarakat_dan_wisatawan_dalam_memahami_pariwisata_bertanggung_jawab.pdf,documents/deskriptif/artikel_dan_berita/butuh_sinergi_mengedukasi_masyarakat_dan_wisatawan_memahami_pariwisata_bertanggung_jawab.pdf,1b7109166bdbc58e8f3a427c1afb939a6548448a086821ba13efcb5d3328c37f,4833,,ya
deskriptif__artikel_dan_berita__diperlukan_pemimpin_kreatif_dan_inovatif_memajukan_pariwisata_daerah,Diperlukan Pemimpin Kreatif Dan Inovatif Memajukan Pariwisata Daerah,pdf,deskriptif,artikel_dan_berita,post,2017-10-25,https://disparbudpora.palangkaraya.go.id/diperlukan-pemimpin-kreatif-dan-inovatif-memajukan-pariwisata-daerah/,deskriptif/artikel_dan_berita_pariwisata/diperlukan_pemimpin_kreatif_dan_inovatif_memajukan_pariwisata_daerah.pdf,documents/deskriptif/artikel_dan_berita/diperlukan_pemimpin_kreatif_dan_inovatif_memajukan_pariwisata_daerah.pdf,46832457cd2fe7e32a71186f36cdb64a801245edddac1ac6a76299c640e72ffc,5564,,ya
deskriptif__artikel_dan_berita__kesadaran_masyarakat_modal_utama_pengembangan_pariwisata,Kesadaran Masyarakat Modal Utama Pengembangan Pariwisata,pdf,deskriptif,artikel_dan_berita,post,2017-09-19,https://disparbudpora.palangkaraya.go.id/kesadaran-masyarakat-modal-utama-pengembangan-pariwisata/,deskriptif/artikel_dan_berita_pariwisata/kesadaran_masyarakat_modal_utama_pengembangan_pariwisata.pdf,documents/deskriptif/artikel_dan_berita/kesadaran_masyarakat_modal_utama_pengembangan_pariwisata.pdf,a36f93f2ae5998addde5a544230f2642179a7faf5a3f12667ec1476b286f226b,3293,,ya
deskriptif__artikel_dan_berita__bangga_indonesia_menang_dua_kategori_kompetisi_video_pariwisata_unwto_2017,Bangga! Indonesia Menang Dua Kategori Kompetisi Video Pariwisata UNWTO 2017,pdf,deskriptif,artikel_dan_berita,post,2017-09-15,https://disparbudpora.palangkaraya.go.id/bangga-indonesia-menang-dua-kategori-kompetisi-video-pariwisata-unwto/,deskriptif/artikel_dan_berita_pariwisata/bangga_indonesia_menang_dua_kategori_kompetisi_video_pariwisata_unwto.pdf,documents/deskriptif/artikel_dan_berita/bangga_indonesia_menang_dua_kategori_kompetisi_video_pariwisata_unwto_2017.pdf,250be05aa3b910da264d4e695012df81f0c917e58861b7caa5a1d13f7e6c032e,3532,,ya
deskriptif__artikel_dan_berita__ayo_dukung_indonesia_di_kompetisi_video_pariwisata_unwto_2017,Ayo Dukung Indonesia di Kompetisi Video Pariwisata UNWTO 2017,pdf,deskriptif,artikel_dan_berita,post,2017-09-06,https://disparbudpora.palangkaraya.go.id/ayo-dukung-indonesia-di-kompetisi-video-pariwisata-unwto-2017/,deskriptif/artikel_dan_berita_pariwisata/ayo_dukung_indonesia_di_kompetisi_video_pariwisata_unwto_2017.pdf,documents/deskriptif/artikel_dan_berita/ayo_dukung_indonesia_di_kompetisi_video_pariwisata_unwto_2017.pdf,1b12b4175e134e3cafe82a5597a9cb3e0ce1911106791ef4b4ebfc0e7e732ffe,3583,,ya
deskriptif__artikel_dan_berita__perda_ripparda_dan_perda_penyelenggaraan_kepariwisataan_disosialisasikan,Perda Ripparda dan Perda Penyelenggaraan Kepariwisataan Disosialisasikan,pdf,deskriptif,artikel_dan_berita,post,2017-08-31,https://disparbudpora.palangkaraya.go.id/perda-ripparda-dan-perda-penyelenggaran-kepariwisataan-disosialisasikan/,deskriptif/artikel_dan_berita_pariwisata/perda_ripparda_dan_perda_penyelenggaran_kepariwisataan_disosialisasikan.pdf,documents/deskriptif/artikel_dan_berita/perda_ripparda_dan_perda_penyelenggaraan_kepariwisataan_disosialisasikan.pdf,864d880580ffa1b1a373f6337a87430de369c70757d39d016217c15e320f08b8,3638,,ya
deskriptif__artikel_dan_berita__promosikan_budaya_dayak_sebagai_produk_wisata_unggulan_palangka_raya,Promosikan Budaya Dayak Sebagai Produk Wisata Unggulan Palangka Raya,pdf,deskriptif,artikel_dan_berita,post,2017-08-05,https://disparbudpora.palangkaraya.go.id/promosikan-budaya-dayak-sebagai-produk-wisata-unggulan-palangka-raya/,deskriptif/artikel_dan_berita_pariwisata/promosikan_budaya_dayak_sebagai_produk_wisata_unggulan_palangka_raya.pdf,documents/deskriptif/artikel_dan_berita/promosikan_budaya_dayak_sebagai_produk_wisata_unggulan_palangka_raya.pdf,42489d037ad420fafbc28d961e0894435bb0125fb9f475d38f704f6b08084a37,10201,,ya
deskriptif__artikel_dan_berita__palangka_raya_fair_2017_sarana_promosikan_objek_wisata,Palangka Raya Fair 2017 Sarana Promosikan Objek Wisata,pdf,deskriptif,artikel_dan_berita,post,2017-08-05,https://disparbudpora.palangkaraya.go.id/palangka-raya-fair-2017-sarana-promosikan-objek-wisata/,deskriptif/artikel_dan_berita_pariwisata/palangka_raya_fair_2017_sarana_promosikan_objek_wisata.pdf,documents/deskriptif/artikel_dan_berita/palangka_raya_fair_2017_sarana_promosikan_objek_wisata.pdf,3185869a24b2627949c3958078b24c3380db4ce303cd0192d3fd98ad8665d520,3402,,ya
deskriptif__referensi_dan_kebijakan__tugu_tiang_pancang_kota_palangka_raya,TUGU TIANG PANCANG KOTA PALANGKA RAYA,pdf,deskriptif,referensi_dan_kebijakan,page,2022-03-15,https://disparbudpora.palangkaraya.go.id/tugu-tiang-pancang-kota-palangka-raya/,deskriptif/referensi_dan_kebijakan/tugu_tiang_pancang_kota_palangka_raya.pdf,documents/deskriptif/referensi_dan_kebijakan/tugu_tiang_pancang_kota_palangka_raya.pdf,bd2c415c8d723ddcefa93c6537c5b6be9532b5823d95f3cf50eadced08436929,4634,,ya
deskriptif__halaman_informasi__pesanggrahan_tjilik_riwut,PESANGGRAHAN TJILIK RIWUT,pdf,deskriptif,halaman_informasi,page,2022-03-15,https://disparbudpora.palangkaraya.go.id/pesanggrahan-tjilik-riwut/,deskriptif/halaman_informasi/pesanggrahan_tjilik_riwut.pdf,documents/deskriptif/halaman_informasi/pesanggrahan_tjilik_riwut.pdf,5d8698622e674cec0833a0091b0b30065c5f7661e1352fc283a8bf3dd0978da4,4856,,ya
deskriptif__halaman_informasi__gedung_serba_guna_tjilik_riwut,GEDUNG SERBA GUNA TJILIK RIWUT,pdf,deskriptif,halaman_informasi,page,2022-03-15,https://disparbudpora.palangkaraya.go.id/gedung-serba-guna-tjilik-riwut/,deskriptif/halaman_informasi/gedung_serba_guna_tjilik_riwut.pdf,documents/deskriptif/halaman_informasi/gedung_serba_guna_tjilik_riwut.pdf,a7c6d4f2bd0459ff82b315ceef5f06af7fac1c0ce4fb750766dabe4f9a443324,5311,,ya
deskriptif__halaman_informasi__rumah_tjilik_riwut,RUMAH TJILIK RIWUT,pdf,deskriptif,halaman_informasi,page,2022-03-15,https://disparbudpora.palangkaraya.go.id/rumah-tjilik-riwut/,deskriptif/halaman_informasi/rumah_tjilik_riwut.pdf,documents/deskriptif/halaman_informasi/rumah_tjilik_riwut.pdf,40425ca149d693f6b2349bd2214c316c13188305fd8e0b6b395dbb90dfe86e3f,4897,,ya
deskriptif__halaman_informasi__form_blangko_ke_hotel_2020,FORM BLANGKO KE HOTEL 2020,pdf,deskriptif,halaman_informasi,page,2021-02-18,https://disparbudpora.palangkaraya.go.id/form-blangko-ke-hotel-2020-2/,deskriptif/halaman_informasi/form_blangko_ke_hotel_2020_2.pdf,documents/deskriptif/halaman_informasi/form_blangko_ke_hotel_2020.pdf,d95206761631c647dcca61feb81a1f88fe2660f29553f4629705c505401a0693,1988,,ya
deskriptif__referensi_dan_kebijakan__hut_kota_cantik_palangka_raya,HUT Kota Cantik Palangka Raya,pdf,deskriptif,referensi_dan_kebijakan,page,2019-08-05,https://disparbudpora.palangkaraya.go.id/galeri-2/hut-kota-cantik-palangka-raya/,deskriptif/referensi_dan_kebijakan/hut_kota_cantik_palangka_raya.pdf,documents/deskriptif/referensi_dan_kebijakan/hut_kota_cantik_palangka_raya.pdf,ded1ead0b5714c09d7186d435ff08d20757404a251a65c57a7e28be8813aa653,2594,,ya
deskriptif__event_pariwisata__festival_budaya_isen_mulang_2019,FESTIVAL BUDAYA ISEN MULANG 2019,pdf,deskriptif,event_pariwisata,page,2019-07-16,https://disparbudpora.palangkaraya.go.id/galeri-2/festival-budaya-isen-mulang-2019/,deskriptif/event_pariwisata/festival_budaya_isen_mulang_2019.pdf,documents/deskriptif/event_pariwisata/festival_budaya_isen_mulang_2019.pdf,1624bc22ca8b927f82f6c87df2025391d613c78133203351c68d9aacae4404dc,2593,,ya
tabular__aktivitas_wisata__aktivitas_wisata_paket_1_hari_kereng_bangkirai,Aktivitas Wisata,csv,tabular,aktivitas_wisata,page,2019-01-24,https://disparbudpora.palangkaraya.go.id/aktivitas-wisata/,tabular/lainnya/aktivitas_wisata_table_01_01.csv,documents/tabular/aktivitas_wisata/aktivitas_wisata_paket_1_hari_kereng_bangkirai.csv,5de4833a3826bd56cdeb4f69ac024d57086d3ec2ef7b1dcf755bd5200de5f2b2,108,1,ya
tabular__aktivitas_wisata__aktivitas_wisata_paket_1_hari_kombinasi_destinasi,Aktivitas Wisata,csv,tabular,aktivitas_wisata,page,2019-01-24,https://disparbudpora.palangkaraya.go.id/aktivitas-wisata/,tabular/lainnya/aktivitas_wisata_table_02_01.csv,documents/tabular/aktivitas_wisata/aktivitas_wisata_paket_1_hari_kombinasi_destinasi.csv,1292f580f89f4df76055e6e13f3210c8998cb455d7dc387d8e520aa3090e12db,171,1,ya
tabular__aktivitas_wisata__aktivitas_wisata_paket_2_hari,Aktivitas Wisata,csv,tabular,aktivitas_wisata,page,2019-01-24,https://disparbudpora.palangkaraya.go.id/aktivitas-wisata/,tabular/lainnya/aktivitas_wisata_table_03_01.csv,documents/tabular/aktivitas_wisata/aktivitas_wisata_paket_2_hari.csv,c80e31de83875e72deeb109ec2e9283b1a4ad3e72cba285084151501d53d087b,309,2,ya
tabular__aktivitas_wisata__aktivitas_wisata_paket_3_hari,Aktivitas Wisata,csv,tabular,aktivitas_wisata,page,2019-01-24,https://disparbudpora.palangkaraya.go.id/aktivitas-wisata/,tabular/lainnya/aktivitas_wisata_table_04_01.csv,documents/tabular/aktivitas_wisata/aktivitas_wisata_paket_3_hari.csv,3ed1e7ff7b1d55240b88c28b521633bdd7e6aed92c748d77a5151bb92ad3729c,472,3,ya
deskriptif__halaman_informasi__dermaga_kereng_bangkirai,Dermaga Kereng Bangkirai,pdf,deskriptif,halaman_informasi,page,2018-12-04,https://disparbudpora.palangkaraya.go.id/dermaga-kereng-bangkirai/,deskriptif/halaman_informasi/dermaga_kereng_bangkirai.pdf,documents/deskriptif/halaman_informasi/dermaga_kereng_bangkirai.pdf,4f23fc37c877e6d4b0e3a17bd8ce0d84359caffd25d456885ed7192591e8d163,4536,,ya
deskriptif__halaman_informasi__tugu_soekarno,Tugu Soekarno,pdf,deskriptif,halaman_informasi,page,2018-12-04,https://disparbudpora.palangkaraya.go.id/tugu-soekarno/,deskriptif/halaman_informasi/tugu_soekarno.pdf,documents/deskriptif/halaman_informasi/tugu_soekarno.pdf,d0441c8f3c42d1844ef64ee4c448f2097f5ac156ae6f0c5cc509b470bd075440,3660,,ya
deskriptif__halaman_informasi__batu_banama,Batu Banama,pdf,deskriptif,halaman_informasi,page,2018-12-04,https://disparbudpora.palangkaraya.go.id/3457-2/,deskriptif/halaman_informasi/3457_2.pdf,documents/deskriptif/halaman_informasi/batu_banama.pdf,889ced81d4ee37686151235637fe40b4ad7881142c615fea1c61c6aadf3b7271,4854,,ya
deskriptif__halaman_informasi__danau_tahai,Danau Tahai,pdf,deskriptif,halaman_informasi,page,2018-12-04,https://disparbudpora.palangkaraya.go.id/danau-tahai/,deskriptif/halaman_informasi/danau_tahai.pdf,documents/deskriptif/halaman_informasi/danau_tahai.pdf,8513d5d7ad9203c1c49e9c2c1f401695104984e37ae4f78fd3a73dc651bd0114,3650,,ya
deskriptif__halaman_informasi__kepala_dinas,Kepala Dinas,pdf,deskriptif,halaman_informasi,page,2018-11-29,https://disparbudpora.palangkaraya.go.id/kepala-dinas/,deskriptif/halaman_informasi/kepala_dinas.pdf,documents/deskriptif/halaman_informasi/kepala_dinas.pdf,ec9c84ddf685f05682fb519cc242f7cd03766c5f8a1ca84baba937b5ac969a6e,3082,,ya
deskriptif__halaman_informasi__taman_alam_bukit_tangkiling,Taman Alam Bukit Tangkiling,pdf,deskriptif,halaman_informasi,page,2018-11-29,https://disparbudpora.palangkaraya.go.id/taman-alam-bukit-tangkiling/,deskriptif/halaman_informasi/taman_alam_bukit_tangkiling.pdf,documents/deskriptif/halaman_informasi/taman_alam_bukit_tangkiling.pdf,b76f8b044fde02abde5e9b82347228094b19d13f90299e98f9025c0fb4b30318,3818,,ya
deskriptif__halaman_informasi__kontak,KONTAK,pdf,deskriptif,halaman_informasi,page,2018-11-29,https://disparbudpora.palangkaraya.go.id/kontak/,deskriptif/halaman_informasi/kontak.pdf,documents/deskriptif/halaman_informasi/kontak.pdf,9306f733b580bc2f737208b098a93864934aa1c2fb080bf7d653e3ab8ca5c127,2102,,ya
deskriptif__halaman_informasi__pemandu_wisata,Pemandu Wisata,pdf,deskriptif,halaman_informasi,page,2018-11-29,https://disparbudpora.palangkaraya.go.id/pemandu-wisata/,deskriptif/halaman_informasi/pemandu_wisata.pdf,documents/deskriptif/halaman_informasi/pemandu_wisata.pdf,e487947e87beeb982e53964c8beb3b5da45f1e62c2905fff8110bf9ce2c59a2f,3183,,ya
tabular__direktori_hotel__direktori_penginapan_ringkas,Penginapan,csv,tabular,direktori_hotel,page,2018-11-29,https://disparbudpora.palangkaraya.go.id/hotel-2/,tabular/direktori_hotel/hotel_2_table_01_01.csv,documents/tabular/direktori_hotel/direktori_penginapan_ringkas.csv,7a9b42ee68cbbfbd9a948e12e7467ecab0812b2a29ffd9760204eea3d6a7172b,3952,71,ya
deskriptif__referensi_dan_kebijakan__pariwisata,PARIWISATA,pdf,deskriptif,referensi_dan_kebijakan,page,2018-11-29,https://disparbudpora.palangkaraya.go.id/berita/objek-wisata-2/,deskriptif/referensi_dan_kebijakan/objek_wisata_2.pdf,documents/deskriptif/referensi_dan_kebijakan/pariwisata.pdf,771096f70acd383f4d46927c89ed441d4a5c80715dabfe17aebe93eda30d04dc,3537,,ya
deskriptif__halaman_informasi__selayang_pandang,SELAYANG PANDANG,pdf,deskriptif,halaman_informasi,page,2018-11-29,https://disparbudpora.palangkaraya.go.id/selayang-pandang/,deskriptif/halaman_informasi/selayang_pandang.pdf,documents/deskriptif/halaman_informasi/selayang_pandang.pdf,e893539a27c7e7173eb140da15a56dc2d2108999bf241b64e174bc0e1b4e82e4,5887,,ya
deskriptif__referensi_dan_kebijakan__palangka_raya_fair_tahun_2017,Palangka Raya Fair Tahun 2017,pdf,deskriptif,referensi_dan_kebijakan,page,2017-08-11,https://disparbudpora.palangkaraya.go.id/galeri-foto-palangka-raya-fair-2017/,deskriptif/referensi_dan_kebijakan/galeri_foto_palangka_raya_fair_2017.pdf,documents/deskriptif/referensi_dan_kebijakan/palangka_raya_fair_tahun_2017.pdf,ea43d9220b5f096c2653afda7269f31c24ac27adfd13b223be78e38d2f1e49ac,2010,,ya
deskriptif__halaman_informasi__profil_kepala_dinas,Profil Kepala Dinas,pdf,deskriptif,halaman_informasi,page,2017-08-07,https://disparbudpora.palangkaraya.go.id/profil-kadis/,deskriptif/halaman_informasi/profil_kadis.pdf,documents/deskriptif/halaman_informasi/profil_kepala_dinas.pdf,7e3bb2bb9fcdd98accc5690d43fa8d9ba6bda23779d562bb1b59a1008c93b03c,2467,,ya
deskriptif__referensi_dan_kebijakan__palangka_raya_fair_2017,Palangka Raya Fair 2017,pdf,deskriptif,referensi_dan_kebijakan,page,2017-08-07,https://disparbudpora.palangkaraya.go.id/palangka-raya-fair-2017/,deskriptif/referensi_dan_kebijakan/palangka_raya_fair_2017.pdf,documents/deskriptif/referensi_dan_kebijakan/palangka_raya_fair_2017.pdf,f75364921061c91332c90f60062f1eb7fa888b97516e6e3f103144425127ab93,2109,,ya
tabular__direktori_hotel__direktori_hotel_detail,Hotel,csv,tabular,direktori_hotel,page,2017-08-04,https://disparbudpora.palangkaraya.go.id/hotel/,tabular/direktori_hotel/hotel_table_01_01.csv,documents/tabular/direktori_hotel/direktori_hotel_detail.csv,b2145aefdf19c75514144be4ed09c0f8dbfb5550c4130e43124ecc37ec8b8ee1,7759,83,ya
tabular__data_objek_wisata__data_objek_wisata_master,OBJEK WISATA,csv,tabular,data_objek_wisata,page,2017-08-04,https://disparbudpora.palangkaraya.go.id/objek-wisata/,tabular/lainnya/objek_wisata_table_01_01.csv,documents/tabular/data_objek_wisata/data_objek_wisata_master.csv,c1b3b131246da7ddd9655727a401074854c0c339fdd5024f5c4972023c291696,13420,275,ya
deskriptif__halaman_informasi__download_ripparda_kota_palangka_raya_tahun_2017_2028,Download (RIPPARDA) Kota Palangka Raya Tahun 2017-2028,pdf,deskriptif,halaman_informasi,page,2015-12-02,https://disparbudpora.palangkaraya.go.id/download/,deskriptif/halaman_informasi/download.pdf,documents/deskriptif/halaman_informasi/download_ripparda_kota_palangka_raya_tahun_2017_2028.pdf,799c651cdb50cd9dabee4aaff70c308b7661d8ef5878c02efc7d9211d1301dce,2171,,ya
deskriptif__halaman_informasi__tugas_pokok_dan_fungsi,Tugas Pokok dan Fungsi,pdf,deskriptif,halaman_informasi,page,2015-11-02,https://disparbudpora.palangkaraya.go.id/profil/tupoksi/,deskriptif/halaman_informasi/tupoksi.pdf,documents/deskriptif/halaman_informasi/tugas_pokok_dan_fungsi.pdf,ed453d7df18a8a2df6acac4e2c93b3fd3496abb01cc7e432719785c72321bba1,2555,,ya
deskriptif__halaman_informasi__visi_dan_misi,Visi dan Misi,pdf,deskriptif,halaman_informasi,page,2015-11-02,https://disparbudpora.palangkaraya.go.id/profil/visi-dan-misi/,deskriptif/halaman_informasi/visi_dan_misi.pdf,documents/deskriptif/halaman_informasi/visi_dan_misi.pdf,d71190ec309f5c65941f11d116571e9f150997fba999d0feb70419c77578e4cd,2496,,ya
deskriptif__halaman_informasi__profil,Profil,pdf,deskriptif,halaman_informasi,page,2015-11-02,https://disparbudpora.palangkaraya.go.id/profil/,deskriptif/halaman_informasi/profil.pdf,documents/deskriptif/halaman_informasi/profil.pdf,84168809f876eb00ad276fc70f22850bad2b944677a37985393f445e411abb19,2321,,ya
deskriptif__referensi_dan_kebijakan__apa_itu_ripparda,Apa Itu Ripparda,pdf,deskriptif,referensi_dan_kebijakan,page,,https://disparbudpora.palangkaraya.go.id/apa-itu-ripparda/,deskriptif/referensi_dan_kebijakan/apa_itu_ripparda.pdf,documents/deskriptif/referensi_dan_kebijakan/apa_itu_ripparda.pdf,70daa2c07a0f14ef1388b741c6ae8635e021545cfc78098cee8d00e75095cbf6,4325,,ya
